,State,City,Job Sites,URL
1398,Oklahoma,Jenks,"Oklahoma Gas and Electric Company
Public Service Company of Oklahoma
Pso Riverside Gen Sta
Riverside Station Unit 1",https://www.swmwlaw.com/asbestos-exposure/asbestos-exposure-by-state/asbestos-exposure-oklahoma/
1399,Oklahoma,Konawa,"Ogande Seminole Gen
Seminole Generating Station
Oklahoma Gas & Electric Company",https://www.swmwlaw.com/asbestos-exposure/asbestos-exposure-by-state/asbestos-exposure-oklahoma/
1400,Oklahoma,Lawton,"Cherokee Power House
Goodyear Tire and Rubber Oc.
Public Service Company of Oklahoma
Fort Sill Army Base
Lawton Generating Plant
Southwestern Light & Power Company",https://www.swmwlaw.com/asbestos-exposure/asbestos-exposure-by-state/asbestos-exposure-oklahoma/
1401,Oklahoma,McAlester,"Choctaw Railway and Lighting Company
Hudgens Construction Company
Oklahoma State Penitentiary
S. Naval Ammunition Depot
Chostaw Power and Light Company
Naval Ammunition Depot
State Penitentiary
Union Iron Works",https://www.swmwlaw.com/asbestos-exposure/asbestos-exposure-by-state/asbestos-exposure-oklahoma/
1402,Oklahoma,Norman,"Central Oklahoma State Hospital
Naval Air Station
Central State Griffin Memorial Hospital
University of Oklahoma",https://www.swmwlaw.com/asbestos-exposure/asbestos-exposure-by-state/asbestos-exposure-oklahoma/
1403,Oklahoma,Okmulgee,"Alliance America
Oklahoma State Tech Dorms
Phillips Petroleum Company
Barnsdale Refineries Inc.
Okmulgee Hospital
Phillips Refinery",https://www.swmwlaw.com/asbestos-exposure/asbestos-exposure-by-state/asbestos-exposure-oklahoma/
1404,Oklahoma,Oologah,"Northeastern Station
Pso Ne Gen Station
Oologah Power Station
Public Service Company of Oklahoma",https://www.swmwlaw.com/asbestos-exposure/asbestos-exposure-by-state/asbestos-exposure-oklahoma/
1405,Oklahoma,Pryor,"Cherokee Nitrogen Plant
Grand River Dam Authority
Kaiser Chemical
I. Du Pont De Nemours
Gulf Oil Corporation
Oklahoma Cement Company",https://www.swmwlaw.com/asbestos-exposure/asbestos-exposure-by-state/asbestos-exposure-oklahoma/
1406,Oklahoma,Altus,"Altus Air Force Base
Industrial Insulators, Inc.
R. Baum",https://www.swmwlaw.com/asbestos-exposure/asbestos-exposure-by-state/asbestos-exposure-oklahoma/
1407,Oklahoma,Anadarko,"Pso Sw Gen Station
Washita Power Plant
Western Farmers Power Plant
Public Service Oklahoma
Western Farmers Electric Corporation",https://www.swmwlaw.com/asbestos-exposure/asbestos-exposure-by-state/asbestos-exposure-oklahoma/
1408,Oklahoma,Ardmore,"Ardmore Development Authority
Ultramar Diamond
Ben Franklin Refining Company
Uniroyal Plant",https://www.swmwlaw.com/asbestos-exposure/asbestos-exposure-by-state/asbestos-exposure-oklahoma/
1409,Oklahoma,Sand Springs,"Armco Steel Plant
National Tank Company
Public Service Company of Oklahoma
Sinclair Refining Company
Kerr Glass Manufacturing Corp
Piping Engineering Company, Inc.
Sheffield Steel",https://www.swmwlaw.com/asbestos-exposure/asbestos-exposure-by-state/asbestos-exposure-oklahoma/
1410,Oklahoma,Sheffield,Sheffield Steel Corporation,https://www.swmwlaw.com/asbestos-exposure/asbestos-exposure-by-state/asbestos-exposure-oklahoma/
1411,Oklahoma,Stillwater,"McClelland Store
Oklahoma State University
Okalhoma Agricultural and Mechanical College",https://www.swmwlaw.com/asbestos-exposure/asbestos-exposure-by-state/asbestos-exposure-oklahoma/
1412,Oklahoma,Valliant,"Rust Engineering Company
Weyerhauser Paper Mill
Southeastern Oklahoma Industries Authority",https://www.swmwlaw.com/asbestos-exposure/asbestos-exposure-by-state/asbestos-exposure-oklahoma/
1413,Oklahoma,Barnsdall,"Bareco Oil Company
Barnsdall Refineries Inc.
Petrolite Corporation
Bareco Wax Company
City Services Oil Company",https://www.swmwlaw.com/asbestos-exposure/asbestos-exposure-by-state/asbestos-exposure-oklahoma/
1414,Oklahoma,Cushing,"Blackwell Oil & Gas Company
Illinois Oil Company
Shaffer Oil and Refining Company
Deep Rock Oil Corporation
Midland Cooperatives, Inc.",https://www.swmwlaw.com/asbestos-exposure/asbestos-exposure-by-state/asbestos-exposure-oklahoma/
1415,Oklahoma,Drumright,"City Hospital
Oklahoma Gas and Electric Company
Sinclair Prairie Oil Company
Tidewater Refinery
Health Center
Petty-Badger Company
Stanolind Pipe Line Company",https://www.swmwlaw.com/asbestos-exposure/asbestos-exposure-by-state/asbestos-exposure-oklahoma/
1416,Oklahoma,Washita,"Public Service Company of Oklahoma
Southwestern Sta Unit Number 3",https://www.swmwlaw.com/asbestos-exposure/asbestos-exposure-by-state/asbestos-exposure-oklahoma/
1417,Oklahoma,West Tulsa,"W. Kellogg Company
Producers & Refiners Corporation
Texaco Oil
Mid Continent Petroleum
Public Service Company of Okla
Texas Company",https://www.swmwlaw.com/asbestos-exposure/asbestos-exposure-by-state/asbestos-exposure-oklahoma/
1418,Oklahoma,Wynnewood,"Kerr Mcgee Chemical Corporation
Kerr-Mcgee Gas & Oil Refinery
Southland Cotton Div Company
Kerr Mcgee Oil Industries, Inc.
Kerr-Mcgee Refinery
Wynnewood Refinery",https://www.swmwlaw.com/asbestos-exposure/asbestos-exposure-by-state/asbestos-exposure-oklahoma/
1419,Oklahoma,Duncan,"Duncan Oil Refinery
Rock Island Refining Company
Sunray Refinery
D-X Sunray Oil Company
Sun Oil Refinery
Tosco Refinery",https://www.swmwlaw.com/asbestos-exposure/asbestos-exposure-by-state/asbestos-exposure-oklahoma/
1420,Oklahoma,Guymon,"Oklahoma Electric & Water Company
Southwestern Public Service Company
Panhandle Eastern Pipe Line Company
Swift & Company",https://www.swmwlaw.com/asbestos-exposure/asbestos-exposure-by-state/asbestos-exposure-oklahoma/
1421,Oklahoma,Harrah,"Horseshoe Lake Station
Oklahoma Gas & Electric Company
Ogande Horseshoe Lake
Westinghouse Electric Company",https://www.swmwlaw.com/asbestos-exposure/asbestos-exposure-by-state/asbestos-exposure-oklahoma/
1422,Oregon,Saint Helens,"Armstrong Contracting & Supply Corporation
Boise Cascade Paper Mill
Kaiser Gypsum
Multnomah Plywood Corporatio
Saint Helens Court House
Shell Chemical
St. Helens Mill
Boise Cascade Corporation
J.F. Pritchard & Company
Kaiser Gypsum Company
Owens Corning Fiberglas
Saint Helens Pulp & Paper Company
Shell Chemical Company
St. Helens Pulp & Paper Company",https://www.swmwlaw.com/asbestos-exposure/asbestos-exposure-by-state/asbestos-exposure-oregon/
1423,Oregon,Salem,"Boise Cascade Paper Mill
California Packing Corp
Capitol Manor
Columbia Metals
Fairview Hospital
Northwest Natural Gas Company
Oregon Pulp & Paper Company
Oregon State Insane Asylum
Paulus Brothers Packing Company
Salem Hospital
State Agricultural Building
State Office Building
Terminal Ice & Cold Storage
Bowen Brothers
Capital Building
Cascade Warehouse
Court House
L.H. Hoffman
Oregan State T.B. Hospital
Oregon State Hospital
Oregon State Penitentiary
Pennsylvania Salt Manufacturing
Sears Roebuck & Company
State Capitol
Telephone Building
Willamette University",https://www.swmwlaw.com/asbestos-exposure/asbestos-exposure-by-state/asbestos-exposure-oregon/
1424,Oregon,Albany,"Ati Wah Chang
Georgia-Pacific Resin Plant
Oregon Mettalurgical Corp
Stokeley Van Camp
Wah Chang Corporation
Western Kraft Corporation
Willamete Valley Company
Willamette Paper Mill
Wood Fiberboard Company
Duraflake Company
Kraft Paper Mill
Pulp Mill
Teledyne Wah Chang
Wah-Chang Technical Center
Western Kraft Pulp & Paper Mill
Willamette Industries, Inc.
Williamette Industries, Inc.",https://www.swmwlaw.com/asbestos-exposure/asbestos-exposure-by-state/asbestos-exposure-oregon/
1425,Oregon,Eugene,"Armstrong Contracting & Supply Corporation
Bailey Hill
Cascade Fiber Company
Domestic Laundry
Eugene Fruit Growers Association
Eugene Water Board
KERG
Lane Mill
Safeway
Teachers Credit Union Building
Weyerhaeuser
Associated Plywood Mills
Bohemia Lumber Company
Chase Gardens
E J Bartels Company
Eugene Water & Electric
First National Bank
Lane County Electric Company
Lane Plywood
Shipworth Juvenile Building
University of Oregon
Williamette Valley Wood Chemical Company",https://www.swmwlaw.com/asbestos-exposure/asbestos-exposure-by-state/asbestos-exposure-oregon/
1426,Oregon,Portland,"Alfred State College
Adrian Victory
Agors 12 and 13 Piping
Albert B Cummins
Albina Engine & Marine Shipyard
Albina Shipyards
Alcoa Clipper
Alexander Graham Bell
American Pipe & Construction
Amos Kendall
Anton M Holter
Armstrong Cont & Supplies
Arthur Riggs
Associated Meat and Kenton Meat Packing
B F Shaw
Bank of California
Bartells E J Company
Battle Rock
Belgium Victory
Belva Lockwood
Ben T Osborne
Benson Hotel
Bents Fort
Big Bend
Binger Hermann
Black Hills
Blitz Weinhard Brewery
Blue Cross Building
Boise Cascade Corporation
Bradford Island
Brooks Scanlon Lumber Company
C J Jones
Camp Namanu
Capitol Reef
Casa Grande
Cass Gilbert
Cedar Breaks
Central Heating Company
Chemawa
Chevron Chemical Fertilizer Plant
Chipman Chemical
Choctaw Trail
Christopher Greenup
Claremont Victory
Cleveland Abbe
Coffeyville Victory
Columbia Exporters
Columbia Steel Casting Company
Computer Facility
Consolidated Metals
Continental Can Company
Corvallis
Coulee Dam
Coxcomb Hill
Crown Columbia Pulp and Paper Company
Crown Zellerbach Corporation
Delazon Smith
Delta Industries
Dewitt Clinton
Doernbecher Manufacturing Company
Dominican Victory
Donner Lake
Dwyer Lumber Company
E H Harriman
E.J. Bartells Company
Edwin Booth
El Morro
Electronic Specialty Plating Shop
Elk Basin
Ener Tec
Esco Corporation
Ezra Meeker
Federal Courthouse
Fiberglas Engineering & Supply Company
First Interstate Bank Building
Floating Marine Ways
Forbes Road
Fort Christina
Fort Dearborn
Fort Erie
Fort George
Fort Lane
Fort Mchenry
Fort Moultrie
Fort Stanwix
Fort Sumpter
Fort William
Fort Wood
Fred Meyer Stadium Store
G W Goethals
Georgia Pacific Paper Company
Gervais
Gilbert Stuart
Glacier Park
Gonzaga Victory
Gouverneur Morris
Grace R Hebard
Grand Rapids Store Equipment Company
Grande Teton
Grants Pass
Green Bay Victory
Gunderson Brothers Shipyard
Hadley
Hallidie Henshaw Bulkley Company
Harders Collective
Henderson Luelling
Herbert Malarkey Paper Company
Hibbing Victory
Homestead
Horace White
Hydro-Blast Corporation
Idaho Falls
Industrial Air Products Company
Inter Mountain Gas Company
J M Harder Plumbing & Heating
Jefferson High School
John Adams School
John Deere
John Straub
Kaiser Hospital
Kaiser Shipyard
Kemp & Throndsen
King & Plaza Apartments
Klamath Chemical
Kleenair Product
Lake Champlain
Leonard Construction Company
Libby, Mcneill & Libby
Lincoln H.S.
Linde Air Products Company
Longview Victory
Louis Agassiz
Lucretia Mott
Madison Tower
Mark Twain
Masons Supply Company
Meacham
Meier and Frank Company
Metalclad Insulation Corporation of Oregon
Midwest Farmer
Modoc Point
Morgan Plumbing & Lease
Mount Hood Railway Power Company
Multnomah County Farm Power Station
Murphy C H
N. P. West Side Team Track
Nehalem
New London
Nickajack Trail
Northern Pacific Terminal
Northwest Bell Telephone Company
Northwestern Electric Company
Oglethorpe Victory
Oliver Wendell Holmes
Opticraft Central Building
Oregon Health & Science University
Oregon Linen Rental
Oregon Shipbuilding Corporation
Oregon Steel Mills, Inc.
Oregon Washington Rr and Navigation Company
Oregonian Building
Otto Castrow Company
Owens Illinois Glass Company
Owyhee
Pacific Coast Biscuit Company
Pacific Power and Light Company
Parkrose Water District
Pendleton Woolen Mills
Penn Walt Corporation
Pennsylvania Salt Chemical Plant
Pennwalt Chemical
Pequot Hill
Physicians & Surgeons Hospital
Pilot Butte
Pioneer Valley
Platt Park
Pleasant Armstrong
Portland Artificial Ice Company
Portland Electric Power Company
Portland Gas and Coke Company
Portland Library
Portland Power & Light
Portland Shipyard
Portland State University
Portland Woolen Mills
Precision Cast Parts
Providence Hospital
Public Works Engineering Company
Pulpit Rock
Queenston Heights
Raderfab Construction
Raleigh Hills Safeway Store
Replublic Steel Corporation
River Raisin
Roberts Residence
Ross Hammond Company
Safeway
Saint Helens Pulp Mill
Salem Maritime
Sam Jackson Park
Samuel Parker
Scotts Bluff
Shasta Insulation
Shell Chemical Plant
Shepler Refrigeration
Sidney Edgerton
Silver Peak
Simon Benson
Simpson Logging Company
South Park Hall
Spokane Portland and Seattle Railway Company
Standard Insurance Building
Stanford Newel
Stauffer Chemical Plant Oregon
Steens Mountain
Stephen G. Porter
Stone Webster Engng. Corp
Stoney Creek
Sully’s Hill
Surface Combustion
Swimming Pool
Teamsters Building
Terminal Transfer
The Dalles
Treadwell Nursing Home
Troy Laundry Company
Twin City Light and Traction Company
Umatilla
Union Meat Company
Union Pacific R R Company
United Data Processing
United Radio
Verendrye
Victory Loan
W.L.R. Emmett
Warrior Point
Wells Fargo Company
Western Foundries
White Oak
Widmer Plumbing & Heating Office
Willamette Industries, Inc.
Willamette Shipyard
William Cullen Bryant
Wisco
Wolff and Quicker Iron Works
Woodlark Building
Yale Union Laundries
York
Zidell Explorations
Zimmerman, Wells Brown Company
Acme Trading & Supply Company
Agm22
Airport
Albina Engine & Machine Works Shipyard
Albina Machine Works
Alcoa Cavalier
Alcoa Corsair
Alma Victory
American Ship Dismantlers
Anthony Ravalli
Appleton Victory
Armstrong Cork Company
Asbestos Supply
Austin Construction Company
Bandelier
Barge – Cement
Battle Mountain
Beacon Rock
Bell TelephoneBeloit Victory
Ben Holladay
Benjamin Franklin Building
Benson Polytechnic
Berkheimers
Billings Victory
Binghamton Victory
Bladensberg
Blitz Weinhard Company
Boilermakers Union Local 72
Boise Cascade Paper Mill
Brookfield
Bryce Canyon
Calif Container Corp
Cannon Beach
Carlsbad
Cascade General Inc.
Castle Pinckney
Celilo
Century Fund Incorporated
Chalmette
Champoeg
Chelsea Victory
Chevron Asphalt Refinery
Chief Joseph
Chisholm Trail
Christian Community Center
City of Portland Ore Garbage Crematory
Clark Victory
Clinton Kelly
Columbia Asbestos Company
Columbia I and S, Inc.
Commercial Ironworks Shipyard
Concordia College
Consolidated Metco Foundry
Coquille
Cosmopolitan Motor Hotel
Council Crest
Crater Lake
Crown Plaza
Davis Office Building
Delta Electric
Derks Building
Dillingham Shipbuilding
Dollar-A-Day Car Rental
Don Basset Company
Downbecker Manufacturing Company
Dyer Shipyard
E J Bartells Company
Edward Eggleston
Egg Harbor
Electric Steel Foundry Company
Elija White
Emanuel Hospital
Escanaba Victory
ESCO Steel
Fallen Timbers
Felix Hathaway
Fibreboard Paper Box Plant
Flintkote
Fmc Shipyard
Fort Charlotte
Fort Clatsop
Fort Donelson
Fort Frederica
Fort Henry
Fort Matanzas
Fort Meigs
Fort Raleigh
Fort Stevenson
Fort Washington
Fort Winnebago
Franklin Macveagh
Frederick Billings
Georgia Pacific Corporation
Georgia Pacific Pulp & Paper
Gideon Welles
Gilmore Steel Corporation
Glenn’s Ferry
Good Samaritan Hospital
Government Camp
Grand Mesa
Grande Ronde
Grant Building
Gray’s Harbor
Griffith Rubber Mills
H C Hasford
Hall J. Kelley
Halls of Montezuma
Harry Lane
Henry Failing
Hercules Powder
Holiday Inn
Hood River
Hovenweep
Ibm
Imperial Hotel
Inland Power & Light Company
International Paper Company
James Whitcomb Riley
Joel Palmer
John Ball
John Furniture Company B P
Joshua Tree
Kaiser Shipyard
Kaiser Steel
Kenneth A J Mackenzie
King’s Canyon
Klamath Falls
La Grande Victory
Laurel Hill
Lewis & Clark College
Lincoln Building
Lincoln Station
Lloyd Center
Lord Brothers
Lowndes
Lundy’s Lane
Marcus Whitman
Mary L Hurst College
Mayflower & Arms Bottling
Mechanicsville
Mesa Verde
Metalclad Products Corp
Mobil Refinery
Montezuma Castle
Mount Hood Community College
Muir Woods
Multnomah Hotel
N E Ayer and Company
Nabisco
New Echota
New System Laundry
North Western Electric Company
Northfield
Northwest Marine Iron Works
Ochoco
Olds Wortman and King Building
Omark Industries
Oregon Building
Oregon Laundry and Dry Cleaners
Oregon National Bank
Oregon Shipyards
Oregon Trail
Oregon Water Light and Railway Company
Oregonian Publishing Company
Owen Summers
Owens-Corning Fiberglas Corporation
Pacific Carbide & Alloys
Pacific Hdw and Steel Company
Paramount Oil Refinery – Portland
Payless Drug Store
Penn Walt Chemicals
Pennisula Lumber Company
Pennsylvania Salt Manufacturing Company
Pennwalt Sodium Chlorate Plant
Philip Schuyler
Pierre Gibault
Pinnacles
Pipe Spring
Plattsburg
Poole, Mcgonigle & Jennings
Portland Coliseum
Portland Gas & Electric
Portland General Electric Company
Portland Machine Company
Portland Railway Light and Power Company
Portland State Services
Portland Tug & Barge
Pporland Arificial Ice Company
Prince L Campbell
Public Works Building
Publishers Paper
Pump Pipe & Power Company
Radar Punatics Company
Rainier
Raleigh Scholls Apartments
Rhone-Poulenc Chemical Plant
Riverview Dairy Company
Rocky Butte Jail
Sackett’s Harbor
Saguaro
Saint Vincent’s Hospital
Sam Barlow School
Samuel Colt
Schenectady
Segundo Ruiz-Belvis
Shawnee Trail
Shell Oil
Shrine Hospital
Silver Creek
Simeon G Reed
Simon Bolivar
Smoky Hill
Spalding Building
St. Vincent Hospital
Standard Oil
Stauffer Chemical
Steam Laundries
Stephen A. Douglas
Stevens Building
Stones River
Stony Point
Sunset
Swan Island Shipyard
Table Rock
Teeples & Thatcher
Texaco Oil
Therm-O-Seal Insulation Company
Tri State Mill Supply
Tuolumne Meadows
U.S. Bakery
Union Carbide Corporation
Union Oil Company
United Airlines
United Medical Laboratory
University of Oregon
Veteran’s Affairs Hospital
Villamart Store
Wallowa
Washington Irving
Western Engineers
Western-Kraft Company
White Sands
Wilcox Building.
Willamette Iron & Steel Company Shipyard
Willamette Valley Company
Williamette Shipyard
Wolf Creek
Woodland Park Hospital
Y.M.C.A.
Yamhill
Zell Residence
Zidell Shipyard",https://www.swmwlaw.com/asbestos-exposure/asbestos-exposure-by-state/asbestos-exposure-oregon/
1427,Pennsylvania,Library,"Consolidated Coal Company
Pittsburgh Consolidation Coal Company",https://www.swmwlaw.com/asbestos-exposure/asbestos-exposure-by-state/asbestos-exposure-pennsylvania/
1428,Pennsylvania,Lock Haven,"Culp Industrial Insulation Company
Immaculate Conception School
New York & Pennsylvania Company, Inc.
Potlach Paper Mill
Hammermill Paper
International Paper Company
Pennsylvania Pulp and Paper Company
Zimmerli Gym Lock Haven University",https://www.swmwlaw.com/asbestos-exposure/asbestos-exposure-by-state/asbestos-exposure-pennsylvania/
1429,Pennsylvania,Londonderry Township,Three Mile Island,https://www.swmwlaw.com/asbestos-exposure/asbestos-exposure-by-state/asbestos-exposure-pennsylvania/
1430,Pennsylvania,Manheim,"Raybestos Manhattan Plant
Us Asbestos
United States Asbestos Company",https://www.swmwlaw.com/asbestos-exposure/asbestos-exposure-by-state/asbestos-exposure-pennsylvania/
1431,Pennsylvania,Martins Creek,"Alpha Portland Cement Company
Martins Creek Powerhouse
Pennsylvania Power & Light Company
Bechtel Steel Plant
Penn Power & Light Company
Wm Krause and Sons Cement Company",https://www.swmwlaw.com/asbestos-exposure/asbestos-exposure-by-state/asbestos-exposure-pennsylvania/
1432,Pennsylvania,Masontown,"Allegheny Energy Supply Company
Hatfield Power Station
Monongahela Power Company’s
Allegheny Power System
Hatfield Station
Sharon Coke Company",https://www.swmwlaw.com/asbestos-exposure/asbestos-exposure-by-state/asbestos-exposure-pennsylvania/
1433,Pennsylvania,Mauch Chunk,"Carbon Transit Company
S. Wentz
Mauch Chunk H. Power and Electric Light Company
Midvalley Coal Company
Excelsior Steam Planning Mill
Mauch Chunk Crystal Ice Company
Mauch Chunk Lehighton and Slatington Railway Company
Silverbrook Coal Company",https://www.swmwlaw.com/asbestos-exposure/asbestos-exposure-by-state/asbestos-exposure-pennsylvania/
1434,Pennsylvania,Mechanicsburg,"Board of Education
Miller Robert L
Salem Park Townhomes
Capitol Products Company
Naval Supply Depot",https://www.swmwlaw.com/asbestos-exposure/asbestos-exposure-by-state/asbestos-exposure-pennsylvania/
1435,Pennsylvania,Allegheny City,"Allegheny Gas Company
City Electric Light Plant
D Lutz Son Brewing Company
Carnegie-Illinois Steel Corporation
Crystal Ice Company
Schoen Pressed Steel Company",https://www.swmwlaw.com/asbestos-exposure/asbestos-exposure-by-state/asbestos-exposure-pennsylvania/
1436,Pennsylvania,Allenport,"Pittsburgh Steel Company
Vesta Coal Company
Sheeling Pittsburgh Steel
Wheeling-Pittsburgh Steel Corporation",https://www.swmwlaw.com/asbestos-exposure/asbestos-exposure-by-state/asbestos-exposure-pennsylvania/
1437,Pennsylvania,Ambler,"Amchem Products Inc
Certainteed Corporation
Nicolet Industries
Asbestos, Shingle, Slate and Sheathing Company
Keasbey and Mattison Company
Palmerweld Fabricating Company",https://www.swmwlaw.com/asbestos-exposure/asbestos-exposure-by-state/asbestos-exposure-pennsylvania/
1438,Pennsylvania,Mehoopany,"Charmin Paper Company
Charmin Paper Rod Company
Charmin Paper Products Company",https://www.swmwlaw.com/asbestos-exposure/asbestos-exposure-by-state/asbestos-exposure-pennsylvania/
1439,Pennsylvania,Milton,"American Car & Foundry
Merritt Chapman & Scott
National Gypsum Company
Gold Bond Building Products
Milton Manufacturing Company
J. Shimer and Sons",https://www.swmwlaw.com/asbestos-exposure/asbestos-exposure-by-state/asbestos-exposure-pennsylvania/
1440,Pennsylvania,Minersville,"Buck Run Coal Company
John Veith Colliery
Lytle Coal Company
Pine Knot Colliery
Colonial Colheries Company
Leisenring and Company
Philadelphia and Reading Coal and Iron Company
Pottsville Water Company",https://www.swmwlaw.com/asbestos-exposure/asbestos-exposure-by-state/asbestos-exposure-pennsylvania/
1441,Pennsylvania,Annville,"Fort Indiantown Gap Military Reservation
Millard Quarry
Whitehall Cement Company
Lebanon Valley College
Township of Annville",https://www.swmwlaw.com/asbestos-exposure/asbestos-exposure-by-state/asbestos-exposure-pennsylvania/
1442,Pennsylvania,Ardmore,"Auto Car Company
Lower Merion High School
Federal Savings Bank
Mary’s Laundry",https://www.swmwlaw.com/asbestos-exposure/asbestos-exposure-by-state/asbestos-exposure-pennsylvania/
1443,Pennsylvania,Ashley,"Central Railroad of New Jersey
Lehigh and Wilkes Barre Coal Company
Stanton Colliery
Glen Alden Coal Company
Maxwell Colliery",https://www.swmwlaw.com/asbestos-exposure/asbestos-exposure-by-state/asbestos-exposure-pennsylvania/
1444,Pennsylvania,Bangor,"Bangor Electric Light, Heat and Power Company
Julius Kayser Company Crown Plant
Sterling Silk Glove Company
Blue Ridge Winkler Textile Company
Pennsylvania Leightweight Aggregate",https://www.swmwlaw.com/asbestos-exposure/asbestos-exposure-by-state/asbestos-exposure-pennsylvania/
1445,Pennsylvania,Monessen,"Amer Sheet and Tin Plate Company
Page Steel & Wire Company
Pittsburgh Steel Corp
Monessen Works
Page Woven Wire Fence Company
Wheeling-Pittsburgh Steel Corporation",https://www.swmwlaw.com/asbestos-exposure/asbestos-exposure-by-state/asbestos-exposure-pennsylvania/
1446,Pennsylvania,Monongahela ,"Graham Foundry and Machine Company
Hatfield Power Station On West Bank
Mitchell Power Station
West Pennsylvania Power Company
Hatfield Power Station
Mcgrew Parkinson and Company
Monongahela Power Station",https://www.swmwlaw.com/asbestos-exposure/asbestos-exposure-by-state/asbestos-exposure-pennsylvania/
1447,Pennsylvania,Monroeville,"College Park
Monroeville High School
Our Lady of Mercy Academy
Thermal Transfer Corp
Koppers Research Lab
Monroeville Mall
Our Lady of Mercy School
United States Steel Corporation",https://www.swmwlaw.com/asbestos-exposure/asbestos-exposure-by-state/asbestos-exposure-pennsylvania/
1448,Pennsylvania,Bath,"Bath Portland Cement Company
Lehigh Portland Cement Company
Pennsylvania Cement Company
Keystone Portland Cement Company
Penn Allen Port Cement Company",https://www.swmwlaw.com/asbestos-exposure/asbestos-exposure-by-state/asbestos-exposure-pennsylvania/
1449,Pennsylvania,Beaver,"Babcock & Wilcox Company
Beaver County Home and Hospital
Curtis-Wright Corporation Propeller Division
Koppers Company, Inc.
Westinghouse Electric Corporation
Beaver County Geriatric Ctr
Beaver Valley Traction Company
Eaton Corp
Western Electric Corporation",https://www.swmwlaw.com/asbestos-exposure/asbestos-exposure-by-state/asbestos-exposure-pennsylvania/
1450,Pennsylvania,Bellefonte,"Bellefonte Electric Company
Commonwealth of Pennsylvania
Edison Electric Illuminating Company
Bellefonte Gas Company
Corning Glass
Warner Company",https://www.swmwlaw.com/asbestos-exposure/asbestos-exposure-by-state/asbestos-exposure-pennsylvania/
1451,Pennsylvania,Montgomery County,"Remington Rand
Shady Grove School
Rorer Group, Inc.
Whitemarsh Township",https://www.swmwlaw.com/asbestos-exposure/asbestos-exposure-by-state/asbestos-exposure-pennsylvania/
1452,Pennsylvania,Munhall,"Carnegie Library
Carnegie Steel Company
Homestead Steel Works
Carnegie Phipps and Company Ltd
Carnegie Steel Works
S. Steel Corporation",https://www.swmwlaw.com/asbestos-exposure/asbestos-exposure-by-state/asbestos-exposure-pennsylvania/
1453,Pennsylvania,Nanticoke,"L. and W. Railway Company
Electric Power Station
North 1 Shaft
Peoples St. Railway Company
Truesdale Colliery
Delaware, Lackawanna and Western Railroad Company
Glen Alden Coal Company
North 2 Shaft
Susquehanna Coal Company",https://www.swmwlaw.com/asbestos-exposure/asbestos-exposure-by-state/asbestos-exposure-pennsylvania/
1454,Pennsylvania,Berwick,"American Car & Foundry Industries, Inc.
Owens Corning Fiberglass
Wise Delicatessen Company
Wise Potatoe Chip Company
Berwick Forge and Fabricating
Vaugh Sanitary Bakery
Wise Foods Inc",https://www.swmwlaw.com/asbestos-exposure/asbestos-exposure-by-state/asbestos-exposure-pennsylvania/
1455,Pennsylvania,Berwyn,"Owens-Corning Fiberglas Corporation
S. Steel Corporation
Philadelphia S&C 10",https://www.swmwlaw.com/asbestos-exposure/asbestos-exposure-by-state/asbestos-exposure-pennsylvania/
1456,Pennsylvania,Birdsboro,"Birdsboro Corp
Diamond Drill Machine Company
Corbits, Inc.
E&G Brooke Plant",https://www.swmwlaw.com/asbestos-exposure/asbestos-exposure-by-state/asbestos-exposure-pennsylvania/
1457,Pennsylvania,Bloomsburg,"Bloomsburg Heating Company
Milco Undergarment Company
Magee Carpet Company",https://www.swmwlaw.com/asbestos-exposure/asbestos-exposure-by-state/asbestos-exposure-pennsylvania/
1458,Pennsylvania,Nazareth,"Dexter Portland Cement Company
Nazareth Cement Company
Nazareth Steel Fabricators
Phoenix Cement Company
Natural Gas Pipeline
Nazareth Portland Cement Company
Penn Dixie Cement Company
Schoeneck Farms Inc.",https://www.swmwlaw.com/asbestos-exposure/asbestos-exposure-by-state/asbestos-exposure-pennsylvania/
1459,Pennsylvania,New Brighton,"Beaver Valley General Hospital
Dravo Corporation
Townsend Company
Van Horn Ely
C. and E. P. Townsend Company
Standard Sanitary Manufacturing Company
Valley Electric Company
Wm Leard Company",https://www.swmwlaw.com/asbestos-exposure/asbestos-exposure-by-state/asbestos-exposure-pennsylvania/
1460,Pennsylvania,New Florence,"Conemaugh Power Station
Pennsylvania Electric Company
Huff Power Station
Reliant Energy Wholesale Group",https://www.swmwlaw.com/asbestos-exposure/asbestos-exposure-by-state/asbestos-exposure-pennsylvania/
1461,Pennsylvania,Boswell,"Merchants Coal Company
Somerset Coal Company
Ozenda Smokeless Coal Company
Somerset Smokeless Coal Company",https://www.swmwlaw.com/asbestos-exposure/asbestos-exposure-by-state/asbestos-exposure-pennsylvania/
1462,Pennsylvania,Boyertown,"Boyertown Burial Casket Company
Kawecki Chemical Company
Penn Jersey Transmission Corporation
Eastern Foundry Company
Kewecki Berylco Ind Inc",https://www.swmwlaw.com/asbestos-exposure/asbestos-exposure-by-state/asbestos-exposure-pennsylvania/
1463,Pennsylvania,Brackenridge,"Allegheny Ludlum Steel Corporation
Labor Products and Ice Company
Brackenridge Works Soaking Pit
Usx Steel Mill",https://www.swmwlaw.com/asbestos-exposure/asbestos-exposure-by-state/asbestos-exposure-pennsylvania/
1464,Pennsylvania,Bridgeville,"American Cyanamid Company
Downey Center Mayview State Hospital
General Electric Company
Koppers Pittsburgh Company
Universal Cyclops
Bridgeville Plant
Flaunery Bolt Company
General Ionics Corporation
Selden Company",https://www.swmwlaw.com/asbestos-exposure/asbestos-exposure-by-state/asbestos-exposure-pennsylvania/
1465,Pennsylvania,New Kensington,"Alcoa Research Laboratories
Citizens General Hosp.
Kensington Water Company
Union Spring Manufacturing Company
American Sheet and Tin Plate Company
General Electric Company
Pittsburgh Reduction Company
Us Aluminum Company",https://www.swmwlaw.com/asbestos-exposure/asbestos-exposure-by-state/asbestos-exposure-pennsylvania/
1466,Pennsylvania,Newell,"Allied Chemical Corporation
General Chemical Company
Fayette Cty
Peabody Vertical Air Heater",https://www.swmwlaw.com/asbestos-exposure/asbestos-exposure-by-state/asbestos-exposure-pennsylvania/
1467,Pennsylvania,Nicetown,"Link Belight Engineering Company
Midvale Steel Company
Midvale Steel and Ordnance Company
Niles Bement Pond Company
W. Blabon Company
Midvale Company
Nicetown Plate Washer Company
Link Belt Engineering Company
Midvalee Heppenstall Company
Number 3 Boilder House",https://www.swmwlaw.com/asbestos-exposure/asbestos-exposure-by-state/asbestos-exposure-pennsylvania/
1468,Pennsylvania,Bruceton,"Bureau of Mines
S. Bureau of Mines
O.E.",https://www.swmwlaw.com/asbestos-exposure/asbestos-exposure-by-state/asbestos-exposure-pennsylvania/
1469,Pennsylvania,Bryn Mawr,"Bryn Mawr College
Harcum Junior College
Philadelphia Suburban Water Company
Bryn Mawr Hospital
Mermount Gardens",https://www.swmwlaw.com/asbestos-exposure/asbestos-exposure-by-state/asbestos-exposure-pennsylvania/
1470,Pennsylvania,Burnham,"Baldwin Locomotive Works
Logan Iron and Steel Company
Hydro-Blast Corporation
Standard Steel Works",https://www.swmwlaw.com/asbestos-exposure/asbestos-exposure-by-state/asbestos-exposure-pennsylvania/
1471,Pennsylvania,Northampton,"American Bridge Division
Atlas Portland Cement Company
Atlas Cement Company
Universal Atlas Cement",https://www.swmwlaw.com/asbestos-exposure/asbestos-exposure-by-state/asbestos-exposure-pennsylvania/
1472,Pennsylvania,Oaks,"B F Goodrich Company
Synthane Corporation
Philadelphia Rubber Works. Company",https://www.swmwlaw.com/asbestos-exposure/asbestos-exposure-by-state/asbestos-exposure-pennsylvania/
1473,Pennsylvania,Oil City,"Electralloy
Koppers Company, Inc.
Pennzoil Refinery
Electralloy Corp
Oil City Glass Company",https://www.swmwlaw.com/asbestos-exposure/asbestos-exposure-by-state/asbestos-exposure-pennsylvania/
1474,Pennsylvania,Callery,"Callery Chemical Company
S. A. Research Center
Gallery Chemical Corporation
Mine Safety Appliance Company",https://www.swmwlaw.com/asbestos-exposure/asbestos-exposure-by-state/asbestos-exposure-pennsylvania/
1475,Pennsylvania,Canonsburg,"Alcoa
Canonsburg Steel and Iron Company
Mcgraw Edison Company
Vitro
Canonsburg Iron and Steel Works
Forbes Steel Company
Mcgraw-Edison Power Systems",https://www.swmwlaw.com/asbestos-exposure/asbestos-exposure-by-state/asbestos-exposure-pennsylvania/
1476,Pennsylvania,Carlisle,"Carlisle Barracks
Frog Switch Manufacturing Company
Us Army War College – Carlisle Barracks
Carlisle Gas and Water Company
Lindner Shoe Company
War College",https://www.swmwlaw.com/asbestos-exposure/asbestos-exposure-by-state/asbestos-exposure-pennsylvania/
1477,Pennsylvania,Olyphan,"Delaware and Hudson Company
Olyphant Colliery
Hudson Coal Company
Olyphant Power Plant",https://www.swmwlaw.com/asbestos-exposure/asbestos-exposure-by-state/asbestos-exposure-pennsylvania/
1478,Pennsylvania,Peach Bottom,Peach Bottom Nuclear Power Plant,https://www.swmwlaw.com/asbestos-exposure/asbestos-exposure-by-state/asbestos-exposure-pennsylvania/
1479,Pennsylvania,Pen Argyl,"Argyl Manufacturing Company
Penn Argyl High School",https://www.swmwlaw.com/asbestos-exposure/asbestos-exposure-by-state/asbestos-exposure-pennsylvania/
1480,Pennsylvania,Pencoyd,"A and P Roberts Company
Bridge Shop
Martin and Wm Nixon Paper Company
American Bridge Company
Carnegie Ill. Steel Company
Pencoyd Iron Works",https://www.swmwlaw.com/asbestos-exposure/asbestos-exposure-by-state/asbestos-exposure-pennsylvania/
1481,Pennsylvania,Catasauqua ,"Bryden Horseshoe Company
Crane Iron Works
Lehigh Car Wheel and Axle Company
O’Brien Rubber Thread and Webbing Company
Catasauqua Manufacturing Company
Empire Iron Steel Company
Lehighs Northampton Gas Electric Company",https://www.swmwlaw.com/asbestos-exposure/asbestos-exposure-by-state/asbestos-exposure-pennsylvania/
1482,Pennsylvania,Chambersburg,"American Can Company
Cedar Cliff Silk Company
Chambersburg Powerhouse
Cumberland Valley Railroad Company
Swift and Company
Bard Insulation Company
Chambersburg Hospital
Corning Glass
J. Heinz Company",https://www.swmwlaw.com/asbestos-exposure/asbestos-exposure-by-state/asbestos-exposure-pennsylvania/
1483,Pennsylvania,Petrolia,"Daugherty Refinery
L’Sonnebarn Sons Inc
Witco Chemical Corp
Koppers Company Inc
Sonneborn Div
Witco Corporation",https://www.swmwlaw.com/asbestos-exposure/asbestos-exposure-by-state/asbestos-exposure-pennsylvania/
1484,Pennsylvania,Plymouth Meeting,"America Magnesia and Covering Company
Dorchester Apartments
Philip Cary Manufacturing Company
Carey Manufacturing
E J Lavino and Company
Willowbrook North 3",https://www.swmwlaw.com/asbestos-exposure/asbestos-exposure-by-state/asbestos-exposure-pennsylvania/
1485,Pennsylvania,Port Kennedy,"Asbestos and Magnesia Manufacturing Company
Ehret Magnesia Manufacturing Company
Pittsburgh Plate Glass Company
Combustion Engineering, Inc.
Montgomery Iron Company
Refractory & Insulation Corp",https://www.swmwlaw.com/asbestos-exposure/asbestos-exposure-by-state/asbestos-exposure-pennsylvania/
1486,Pennsylvania,Cheswick,"Coalfax Power Station
Duquesne Light Company
West Pennsylvania Power Company
Westinghouse Electric Company
Duquesne Light Company
Gulf Research & Development
Westinghouse Aed Building Addn",https://www.swmwlaw.com/asbestos-exposure/asbestos-exposure-by-state/asbestos-exposure-pennsylvania/
1487,Pennsylvania,Clarion,"Brockway Glass
Owens Illinois Glass Company
Commonwealth of Pennsylvania
State Teachers College",https://www.swmwlaw.com/asbestos-exposure/asbestos-exposure-by-state/asbestos-exposure-pennsylvania/
1488,Pennsylvania,Clearfield,"Army Reserve Center
Clearfield High School
Shawville Power Station
Clay Mill Works
Clearfield Hospital
Stratton Motors",https://www.swmwlaw.com/asbestos-exposure/asbestos-exposure-by-state/asbestos-exposure-pennsylvania/
1489,Pennsylvania,Portland,"Metropolitan Edison Company
Metropolitan Edison Power Plant",https://www.swmwlaw.com/asbestos-exposure/asbestos-exposure-by-state/asbestos-exposure-pennsylvania/
1490,Pennsylvania,Punxsutawney,"Anita Coal Mining Company
Indiana County Railways Company
Punxsutawney Elementary School
Rochester and Pittsburgh Coal and Iron Company
Cowanshannock C. and C. Company
Jefferson and Clearfield Company
Punxsutawney Secondary School",https://www.swmwlaw.com/asbestos-exposure/asbestos-exposure-by-state/asbestos-exposure-pennsylvania/
1491,Pennsylvania,Quakertown,"American Olean Tile
Quakertown Brick & Tile Company
Quakertown Tractor Company
Tri State Non Ferrous Company
J. Lawlor
Borough of Quakertown
Quakertown Electric Department
Rittenhouse C & Son
Victor Box Company",https://www.swmwlaw.com/asbestos-exposure/asbestos-exposure-by-state/asbestos-exposure-pennsylvania/
1492,Pennsylvania,Columbia,"Colonial Aluminum & Smelting Company
Columbia Water Company
Grinnell Company Inc
Columbia Metals Company
E T Edwards",https://www.swmwlaw.com/asbestos-exposure/asbestos-exposure-by-state/asbestos-exposure-pennsylvania/
1493,Pennsylvania,Coplay,"Central Cement Company
Reliance Cement Company
Coplay Cement Manufacturing Company
Valley Mill",https://www.swmwlaw.com/asbestos-exposure/asbestos-exposure-by-state/asbestos-exposure-pennsylvania/
1494,Pennsylvania,Cornwall,"Bethlehem Cornwall
Bird Coleman Furnaces
Cornwall Ore Bank Company
North Cornwall Furnace Company
Bethlehem Steel Corporation
Cornwall Iron Company
New Pellet Plant",https://www.swmwlaw.com/asbestos-exposure/asbestos-exposure-by-state/asbestos-exposure-pennsylvania/
1495,Pennsylvania,Reesedale,West Penn Power Company,https://www.swmwlaw.com/asbestos-exposure/asbestos-exposure-by-state/asbestos-exposure-pennsylvania/
1496,Pennsylvania,Roaring Springs,"Appleton Papers Inc.
Dm Bare Paper Company",https://www.swmwlaw.com/asbestos-exposure/asbestos-exposure-by-state/asbestos-exposure-pennsylvania/
1497,Pennsylvania,Rouseville,"Calumet Lubricants Company
Pennzoil Refining Company
South Penn Oil Company
Pennzoil
Bern Ohio Company",https://www.swmwlaw.com/asbestos-exposure/asbestos-exposure-by-state/asbestos-exposure-pennsylvania/
1498,Pennsylvania,Cornwell Heights,"Badenhauser
Schutte & Koerting
Riley Stoker
Schuylkill Forge Company",https://www.swmwlaw.com/asbestos-exposure/asbestos-exposure-by-state/asbestos-exposure-pennsylvania/
1499,Pennsylvania,Courtney,"Alleghany Power Company
General Electric
West Penn Power Company
Allegheny Energy Supply Company
Mitchell Power Station
West Pennsylvania Power Company",https://www.swmwlaw.com/asbestos-exposure/asbestos-exposure-by-state/asbestos-exposure-pennsylvania/
1500,Pennsylvania,Creighton,"Alon Engineering Inc
Pittsburgh Plate Glass Company",https://www.swmwlaw.com/asbestos-exposure/asbestos-exposure-by-state/asbestos-exposure-pennsylvania/
1501,Pennsylvania,Delta,"Peachbottom Nuclear Plant
Philadelphia Electric",https://www.swmwlaw.com/asbestos-exposure/asbestos-exposure-by-state/asbestos-exposure-pennsylvania/
1502,Pennsylvania,Sayre,"C.A. Building
Sayre Electric Company
Robert Packer Hospital",https://www.swmwlaw.com/asbestos-exposure/asbestos-exposure-by-state/asbestos-exposure-pennsylvania/
1503,Pennsylvania,Scottdale,"American Sheet and Tin Plate Company
Duraloy Company
Scottdale Iron and Steel Company
United States Pipe and Foundry Company
L. Miller Company
Lincoln Coal and Coke Company
Scottdale Wood Products Company",https://www.swmwlaw.com/asbestos-exposure/asbestos-exposure-by-state/asbestos-exposure-pennsylvania/
1504,Pennsylvania,Seranton,"Delaware Lackawanna and Western Rr Company Diamond
Leonard Brothers
Washburn, Williams and Company
Mines
Simpson and Watkins
West End Coal Company",https://www.swmwlaw.com/asbestos-exposure/asbestos-exposure-by-state/asbestos-exposure-pennsylvania/
1505,Pennsylvania,Donora,"American Steel and Wire Company
Donora Zinc Works
United States Steel
Donora Brewing Company
Union Steel Company",https://www.swmwlaw.com/asbestos-exposure/asbestos-exposure-by-state/asbestos-exposure-pennsylvania/
1506,Pennsylvania,Dunmon,"Dolph Coal Company
Old Forge Breaker
Dunmon Iron and Steel Company
Pennsylvania Coal Company",https://www.swmwlaw.com/asbestos-exposure/asbestos-exposure-by-state/asbestos-exposure-pennsylvania/
1507,Pennsylvania,Dunmore,"Double Woven Corporation of America
Gipsey Grove Colliery
Pennsylvania Coal Company
C.A.
Erie Railroad Company
Lehigh Engineering Company
Pennsylvania Cola Company
Schooley Colliery",https://www.swmwlaw.com/asbestos-exposure/asbestos-exposure-by-state/asbestos-exposure-pennsylvania/
1508,Pennsylvania,Seward,"Penn Public Service Corp
Seward Public School
Pennsylvania Electric Company",https://www.swmwlaw.com/asbestos-exposure/asbestos-exposure-by-state/asbestos-exposure-pennsylvania/
1509,Pennsylvania,Shamokin Dam,Pennsylvania Power & Light Company,https://www.swmwlaw.com/asbestos-exposure/asbestos-exposure-by-state/asbestos-exposure-pennsylvania/
1510,Pennsylvania,Sharpsville,"Bell Telephone Company
R. Curry
Pittsburg Metal Process
Spang Chalfant and Company Inc.
Fort Pitt Brewing Company
Moorhead Brothers and Company
Round House",https://www.swmwlaw.com/asbestos-exposure/asbestos-exposure-by-state/asbestos-exposure-pennsylvania/
1511,Pennsylvania,Duquesne,"Carnegie Steel Company
Duquesne Steel Works
Linde Air Proudcts Company
United States Steel Corporation
Duquesne Incinerator
Grant Towers
Union Carbide & Carbon Chemical Corporation",https://www.swmwlaw.com/asbestos-exposure/asbestos-exposure-by-state/asbestos-exposure-pennsylvania/
1512,Pennsylvania,East Pittsburgh,"Westinghouse Betis
Westinghouse Electric Corp
Westinghouse Electric & Manufacturing Company
Westinghouse Machine Company",https://www.swmwlaw.com/asbestos-exposure/asbestos-exposure-by-state/asbestos-exposure-pennsylvania/
1513,Pennsylvania,Elderton,"Keystone Generation Station
Westinghouse Electric Corporation",https://www.swmwlaw.com/asbestos-exposure/asbestos-exposure-by-state/asbestos-exposure-pennsylvania/
1514,Pennsylvania,Elrama ,"Duquesne Light Company
Elrama Station
Limbach S Pgh Water Company
Orion Power Holdings Inc
Elrama Powerhouse
Equitable Gas Company
Matthiessen and Hegeler Zinc Company
Westinghouse Electric Company",https://www.swmwlaw.com/asbestos-exposure/asbestos-exposure-by-state/asbestos-exposure-pennsylvania/
1515,Pennsylvania,Shawville,"Penelec Power Plant
Reliant Energy Wholesale Group
Pennsylvania Electric Company
Susquehanna Power Station",https://www.swmwlaw.com/asbestos-exposure/asbestos-exposure-by-state/asbestos-exposure-pennsylvania/
1516,Pennsylvania,Shelocta,"Keystone Power Station
Shelocta Power Station
Pennsylvania Electric Company
Westinghouse Electric Corporation",https://www.swmwlaw.com/asbestos-exposure/asbestos-exposure-by-state/asbestos-exposure-pennsylvania/
1517,Pennsylvania,South Bethlehem,"Bethleham Steel Company
Lehigh Coke Company
Bethlehem City Water Company
Saucon",https://www.swmwlaw.com/asbestos-exposure/asbestos-exposure-by-state/asbestos-exposure-pennsylvania/
1518,Pennsylvania,South Heights,"Duquesne Light Company
Phillips Power Station",https://www.swmwlaw.com/asbestos-exposure/asbestos-exposure-by-state/asbestos-exposure-pennsylvania/
1519,Pennsylvania,Enola,"Air Reduction Sales Company
Hbg
R L Miller
Conrail
Pennsylvania Railroad Company",https://www.swmwlaw.com/asbestos-exposure/asbestos-exposure-by-state/asbestos-exposure-pennsylvania/
1520,Pennsylvania,Essington,"Baldwin Automotive
Westinghouse Electric and Manufacturing Company
Scott Paper Company",https://www.swmwlaw.com/asbestos-exposure/asbestos-exposure-by-state/asbestos-exposure-pennsylvania/
1521,Pennsylvania,Etna,"Carnecie Ill. Steel Company
Keystone Asbestos-Magnesia Company
National Supply Company
Isabella Furnace Company
Mcconnell Asbesto and Covering Company
Spaug Chalfaut and Company",https://www.swmwlaw.com/asbestos-exposure/asbestos-exposure-by-state/asbestos-exposure-pennsylvania/
1522,Pennsylvania,Spring Grove,"Black Liquor Oxidation System
Glatfelter P H Company
H. Glatfelder Company
Dorr Oliver Inc
Glatfelter Paper Mill",https://www.swmwlaw.com/asbestos-exposure/asbestos-exposure-by-state/asbestos-exposure-pennsylvania/
1523,Pennsylvania,Springdale,"Allegheny Energy Supply Company
Cheswick Power Station
Pittsburgh Plate Glass
Springdale Powerhouse
Arden Verner Painting
Colfax Station
Satellite Alloy Corporation
West Pennsylvania Power Company",https://www.swmwlaw.com/asbestos-exposure/asbestos-exposure-by-state/asbestos-exposure-pennsylvania/
1524,Pennsylvania,State College,"Corning Glass Company
Pennsylvania State College
Penn State University
Westerly Parkway School",https://www.swmwlaw.com/asbestos-exposure/asbestos-exposure-by-state/asbestos-exposure-pennsylvania/
1525,Pennsylvania,Exton,"I.W. Frank Corp
Exton Mall
Cresmer Fence Company
Foote Mineral Company",https://www.swmwlaw.com/asbestos-exposure/asbestos-exposure-by-state/asbestos-exposure-pennsylvania/
1526,Pennsylvania,Fairless,"American Can
H. Detrick
Fairless Works Us Steel
S. Steel Corporation",https://www.swmwlaw.com/asbestos-exposure/asbestos-exposure-by-state/asbestos-exposure-pennsylvania/
1527,Pennsylvania,Fairless Hills,"A. Pavlick
Fairless Works
Strick Trailers
Usx Steel Mill
Fairless Steel
Koppers
S. Steel Corporation",https://www.swmwlaw.com/asbestos-exposure/asbestos-exposure-by-state/asbestos-exposure-pennsylvania/
1528,Pennsylvania,Steelton,"Bethlehem Steel Corporation
Standard Oil
Pennsylvania Steel Company
United Gas Improvement Company",https://www.swmwlaw.com/asbestos-exposure/asbestos-exposure-by-state/asbestos-exposure-pennsylvania/
1529,Pennsylvania,Sunbury,"Allied Chemical Corporation
Middle Creek Electric Company
Sunbury and Northumberland Electric
Susquehanna Silk Mills
Young Door Company
Edison Electric Ill’G Company
Pennsylvania Power & Light
Sunbury Converting Works
Wilson & Company",https://www.swmwlaw.com/asbestos-exposure/asbestos-exposure-by-state/asbestos-exposure-pennsylvania/
1530,Pennsylvania,Swedeland,"Alan Wood Iron and Steel Company
Koppers Company, Inc.
Heckscher and Sons
Richard Hecksher and Sons
S. Bureau of Mines
Alan Wood Iron and Steel Company
Norris Smelting & Refining
Rainey Wood Coke Corp
Smith Kline & French",https://www.swmwlaw.com/asbestos-exposure/asbestos-exposure-by-state/asbestos-exposure-pennsylvania/
1531,Pennsylvania,Farrell,"Carnegie Steel Company
Linde Company
Farrell Steel Works and Furnaces
Sharon Steel Corporation",https://www.swmwlaw.com/asbestos-exposure/asbestos-exposure-by-state/asbestos-exposure-pennsylvania/
1532,Pennsylvania,Ford City,"Borough of Ford City
Ford City Foundry and Machine Company
Fawcus Machine Company
Pittsburgh Plate Glass Company",https://www.swmwlaw.com/asbestos-exposure/asbestos-exposure-by-state/asbestos-exposure-pennsylvania/
1533,Pennsylvania,Fort Washington,"Chemical Concentrates
W M H Rorer Company
Hooples and Townsend Company",https://www.swmwlaw.com/asbestos-exposure/asbestos-exposure-by-state/asbestos-exposure-pennsylvania/
1534,Pennsylvania,Frankford,"Allied Chemical & Dye Corporation
Barrett Manufacturing Company
Barrett Div Allied Chemical and Dye Corp",https://www.swmwlaw.com/asbestos-exposure/asbestos-exposure-by-state/asbestos-exposure-pennsylvania/
1535,Pennsylvania,Tacony,"Erben Harding Company
Philadelphia Electric Company
Tacony Ordnance Corporation
Munition Plant
Station J",https://www.swmwlaw.com/asbestos-exposure/asbestos-exposure-by-state/asbestos-exposure-pennsylvania/
1536,Pennsylvania,Tarentum,"P. Green Fire Brick Company
Allegheny Valley Water Company
Ap Green Refractories Division
Tarentum Light and Water Plant
Tarentum Paper Mills
Allegheny Valley Street Railway Company
Anchor Brewing Company
Pittsburgh Plate Glass Company
Tarentum Light Plant",https://www.swmwlaw.com/asbestos-exposure/asbestos-exposure-by-state/asbestos-exposure-pennsylvania/
1537,Pennsylvania,Franklin,"Bethlehem Steel Corporation
Franklin Quality Refining Company
Hydro-Blast Corporation
Chicago Pneumtic Tool Company
Franklin Steel Works
Plant #2",https://www.swmwlaw.com/asbestos-exposure/asbestos-exposure-by-state/asbestos-exposure-pennsylvania/
1538,Pennsylvania,Germantown,"American Lace Manufacturing Company
United Gas Imp Company
Wilson H. Brown Inc.
Leicester Continental Mills Company
William Armstrong & Sons",https://www.swmwlaw.com/asbestos-exposure/asbestos-exposure-by-state/asbestos-exposure-pennsylvania/
1539,Pennsylvania,Girard Point,"Gulf Oil Corporation
Jayval Marine Corporation
Gulf Refining Company",https://www.swmwlaw.com/asbestos-exposure/asbestos-exposure-by-state/asbestos-exposure-pennsylvania/
1540,Pennsylvania,Glassport,"Allegheny By Product Coke Company
Bucyrus – Erie
Pittsburgh Gas and Coke Company
American Axe and Tool Company
Pittsburgh and Lake Erie Railroad
Pittsburgh Steel Foundry",https://www.swmwlaw.com/asbestos-exposure/asbestos-exposure-by-state/asbestos-exposure-pennsylvania/
1541,Pennsylvania,Temple,"Beryllium Corp of Pennsylvania
Seaboard Steel and Manganese Corp
Temple Iron Company
Empire Steel Products
Temple Furnace",https://www.swmwlaw.com/asbestos-exposure/asbestos-exposure-by-state/asbestos-exposure-pennsylvania/
1542,Pennsylvania,Titusville,"Ap Green F B Company of W Ny
Cytemp Specialty Steel
Gage Company
Titusville Iron Works
Universal Cyclops Steel Mill
Cyclops Corporation
Enterprise Transit Company
Struthers and Wells
United Engineering & Foundry Company",https://www.swmwlaw.com/asbestos-exposure/asbestos-exposure-by-state/asbestos-exposure-pennsylvania/
1543,Pennsylvania,Trainer,"British Petroleum
Tosco Refining Company
Bryton Chemical",https://www.swmwlaw.com/asbestos-exposure/asbestos-exposure-by-state/asbestos-exposure-pennsylvania/
1544,Pennsylvania,Greenville,"G. Vento Plumbing Company
Chicago Bridge & Iron Company
Mercer County Light Company
Shelby Steel Tube Company
Bessemer and Lake Erie Railroad Company
Greenville Steel Car Company
Peoples Electric Light Heat and Power Company
Shelby Steel Tube Company",https://www.swmwlaw.com/asbestos-exposure/asbestos-exposure-by-state/asbestos-exposure-pennsylvania/
1545,Pennsylvania,Hanover,"Alloy Rod Plant
Hanover Power Company
Bethlehem Steel Corporation
Lehigh Engineering Company",https://www.swmwlaw.com/asbestos-exposure/asbestos-exposure-by-state/asbestos-exposure-pennsylvania/
1546,Pennsylvania,Harmarville,"Consumer’s Mining
Harmar Coal
Gulf Research & Development
Pittsburgh Plate Glass Industries",https://www.swmwlaw.com/asbestos-exposure/asbestos-exposure-by-state/asbestos-exposure-pennsylvania/
1547,Pennsylvania,Twin Oaks,Sun Oil Company Warehouse,https://www.swmwlaw.com/asbestos-exposure/asbestos-exposure-by-state/asbestos-exposure-pennsylvania/
1548,Pennsylvania,Tyrone,"Home Electric Light and Steam Heating Company
Westvaco Corporation
West Virginia Pulp & Paper Company
Westvaco Pulp and Paper",https://www.swmwlaw.com/asbestos-exposure/asbestos-exposure-by-state/asbestos-exposure-pennsylvania/
1549,Pennsylvania,Uniontown,"Brier Hill Coke Company
Marlsbary Manufacturing Company
Tower Hill Connellsville Coke Company
Uniontown Senior High School
John S. Pepson
Orient Coal and Coke Company
Uniontown Hospital
Washington Candc Company",https://www.swmwlaw.com/asbestos-exposure/asbestos-exposure-by-state/asbestos-exposure-pennsylvania/
1550,Pennsylvania,Vandergrift,"American Sheet and Tin Plate Company
Chilled Roll Foundry
United Engineering and Foundry Company
Vandergrift Land and Improvement Company
Apollo Iron and Steel Company
S. Steel Corporation
Vandergrift Electric Light and Power Company",https://www.swmwlaw.com/asbestos-exposure/asbestos-exposure-by-state/asbestos-exposure-pennsylvania/
1551,Pennsylvania,Hauto,"Lehigh Coal Navigation Company
Lehigh Navigation Electric Company
Lehigh Industrial Power Company
Pennsylvania Power and Light Company",https://www.swmwlaw.com/asbestos-exposure/asbestos-exposure-by-state/asbestos-exposure-pennsylvania/
1552,Pennsylvania,Hershey,"Founders Hall
Hershey Foods Corporation
Hershey State Police Training Barri
Hershey Chocolate Corporation
Hershey Medical Center/Hospital",https://www.swmwlaw.com/asbestos-exposure/asbestos-exposure-by-state/asbestos-exposure-pennsylvania/
1553,Pennsylvania,Hollidaysburg,"Ambrose Augusterfer Corporation
Mclanahan Corporation
Roaring Springs Paper Mill
Hollidaysburg Power Station
Pennsylvania Railroad Samuel Rea Car Repair Shop",https://www.swmwlaw.com/asbestos-exposure/asbestos-exposure-by-state/asbestos-exposure-pennsylvania/
1554,Pennsylvania,Verona,"Allegheny Refining Company
Edgewater Steel Company
Suburban Water Company
Crane Company
Koppers Company, Inc.
Woodings Verona Steel Works",https://www.swmwlaw.com/asbestos-exposure/asbestos-exposure-by-state/asbestos-exposure-pennsylvania/
1555,Pennsylvania,Wanamie,"Colliery Number 18
Peoples St. Railway Company
Lehigh Wilkes Barre Coal Company
Wanamie Colliery",https://www.swmwlaw.com/asbestos-exposure/asbestos-exposure-by-state/asbestos-exposure-pennsylvania/
1556,Pennsylvania,Homer City,"D M Trahan Proj Supt
Edison Mission Energy
Midwest Generation
Edison International
Homer City Powerhouse
Pennslyvania Electric Company",https://www.swmwlaw.com/asbestos-exposure/asbestos-exposure-by-state/asbestos-exposure-pennsylvania/
1557,Pennsylvania,Huff,Conemaugh Station,https://www.swmwlaw.com/asbestos-exposure/asbestos-exposure-by-state/asbestos-exposure-pennsylvania/
1558,Pennsylvania,Huntingdon,"Glenn M. Baker Heating & Plumbing
L C Anderson
Troy Jack
Hudwood Irwin Company, Inc.
Corr Inst At Hungtindon",https://www.swmwlaw.com/asbestos-exposure/asbestos-exposure-by-state/asbestos-exposure-pennsylvania/
1559,Pennsylvania,Irvin,"Carnegie Illinois Steel Corporation
National Forge and Ordnance Company
S. Steel Corporation
Carrie Furnace
Penn Gas Coal Company
Westmoreland Coal Company",https://www.swmwlaw.com/asbestos-exposure/asbestos-exposure-by-state/asbestos-exposure-pennsylvania/
1560,Pennsylvania,Washingtonville,"Danville Powerhouse
Pennsylvania Power & Light Company
Montour Power Plant
Washingtonville Power Plant",https://www.swmwlaw.com/asbestos-exposure/asbestos-exposure-by-state/asbestos-exposure-pennsylvania/
1561,Pennsylvania,Wayne,"A T & T
Bell Telephone
Merion and Radnor Gas and Electric Company
American Telephone & Telegraph
Cherion and Radnor Gas and Electric Company
United Gas Improvement Company",https://www.swmwlaw.com/asbestos-exposure/asbestos-exposure-by-state/asbestos-exposure-pennsylvania/
1562,Pennsylvania,West Mifflin,"Bettis Atomic Power Laboratory
Westinghouse Betis
Continental Can
Westinghouse Electric Company",https://www.swmwlaw.com/asbestos-exposure/asbestos-exposure-by-state/asbestos-exposure-pennsylvania/
1563,Pennsylvania,Irwin,"Adams Mine
Jersey Cereal Food Company
Penna Gas Coal Company
Westmoreland Coal Company
Irwin Works
North Huntington Twp High School
Westinghouse Electric & Manufacturing Company",https://www.swmwlaw.com/asbestos-exposure/asbestos-exposure-by-state/asbestos-exposure-pennsylvania/
1564,Pennsylvania,Jeanette,"Carlin William Steam Boilers
General Tire & Rubber Company
Elliot Steel Company
Pennsylvania Rubber Company",https://www.swmwlaw.com/asbestos-exposure/asbestos-exposure-by-state/asbestos-exposure-pennsylvania/
1565,Pennsylvania,Jeddo,"G B Markle and Company
Highland North 5 Colliery
North 4 Colliery
G B Markle Company
Jeddo Highland Coal Company",https://www.swmwlaw.com/asbestos-exposure/asbestos-exposure-by-state/asbestos-exposure-pennsylvania/
1566,Pennsylvania,West Point,"Merck and Company Inc
Merck, Sharp and Dohme",https://www.swmwlaw.com/asbestos-exposure/asbestos-exposure-by-state/asbestos-exposure-pennsylvania/
1567,Pennsylvania,Wilkinsburg,"Columbia Hospital
Water Company
Wilkinsburg High School
Penn Heat and Power Company
Wilkinsburg Electric Company",https://www.swmwlaw.com/asbestos-exposure/asbestos-exposure-by-state/asbestos-exposure-pennsylvania/
1568,Pennsylvania,Williamsburg,"Pennsylvania Electric Company
West Virginia Pulp and Paper Company
Williamsburg Generating Station
Swees Steel Company
Westvaco",https://www.swmwlaw.com/asbestos-exposure/asbestos-exposure-by-state/asbestos-exposure-pennsylvania/
1569,Pennsylvania,Williamstown,"Bear Valley Number
Summit Branch Mining Company
Bear Valley Shaft
Summit Branch Railroad Company",https://www.swmwlaw.com/asbestos-exposure/asbestos-exposure-by-state/asbestos-exposure-pennsylvania/
1570,Pennsylvania,Johnsonburg,"Castanea Paper Company
New York & Pennsylvania Company, Inc.
Willamette Industries
Clarion Mills
Penn Tech",https://www.swmwlaw.com/asbestos-exposure/asbestos-exposure-by-state/asbestos-exposure-pennsylvania/
1571,Pennsylvania,King of Prussia,"Cochrane D&V Crane Corporation
John Wanamaker Store
Pennsalt Chemicals Corp
White Pigment Corp
General Electric Company
King of Prussia Shopping Center
Western Electric Company",https://www.swmwlaw.com/asbestos-exposure/asbestos-exposure-by-state/asbestos-exposure-pennsylvania/
1572,Pennsylvania,Willow Grove,"Chew‐Bittel Company
Quaker State Machine Company
Willow Grove Naval Air Station
Naval Air Station
Valley Forge Hospital",https://www.swmwlaw.com/asbestos-exposure/asbestos-exposure-by-state/asbestos-exposure-pennsylvania/
1573,Pennsylvania,Wilmerding,"Bendix Westinghouse Company
Westinghouse Air Brake Company",https://www.swmwlaw.com/asbestos-exposure/asbestos-exposure-by-state/asbestos-exposure-pennsylvania/
1574,Pennsylvania,Windber,"Berwin White Coal Company
Cominsky Warehouse
Mac Service Incorporated
Berwind White Coal Mining Company
Eureka Colliery North 35
Windber Electric Company",https://www.swmwlaw.com/asbestos-exposure/asbestos-exposure-by-state/asbestos-exposure-pennsylvania/
1575,Pennsylvania,Woodland,"Harbison and Walker Company
Lower Works
Woodland Fire Bridge Company
Jones and Laughlin Steel Company
Woodland Fire Brick Company
Woodland Fire Buick Company",https://www.swmwlaw.com/asbestos-exposure/asbestos-exposure-by-state/asbestos-exposure-pennsylvania/
1576,Pennsylvania,Kittanning,"Allegheny Energy
Freebrook Corporation
Kittanning Plate Glass Company
Reedsville Power Station
Armstrong Power Station
Kittanning Ceramics Company
Linde Air Products Company
West Penn Power Company",https://www.swmwlaw.com/asbestos-exposure/asbestos-exposure-by-state/asbestos-exposure-pennsylvania/
1577,Pennsylvania,Kobuta,"Koppers Company, Inc.
Sinclair Koppers Company",https://www.swmwlaw.com/asbestos-exposure/asbestos-exposure-by-state/asbestos-exposure-pennsylvania/
1578,Pennsylvania,Koppel,"Babcock & Wilcox Company
Tub Prod
Bandw Tubular Products Div",https://www.swmwlaw.com/asbestos-exposure/asbestos-exposure-by-state/asbestos-exposure-pennsylvania/
1579,Pennsylvania,Large,"Westinghouse Electric Company
Westinghouse Power Division",https://www.swmwlaw.com/asbestos-exposure/asbestos-exposure-by-state/asbestos-exposure-pennsylvania/
1580,Pennsylvania,Woodlawn,"Aliquippa Works
Jones Laughlin Steel Company
Jones and Laughlin Steel Corporation",https://www.swmwlaw.com/asbestos-exposure/asbestos-exposure-by-state/asbestos-exposure-pennsylvania/
1581,Pennsylvania,Wyoming,"Dail Rock Coal Company
Lehigh Valley Coal Company
Lookout Coal Company
Simpson and Watkins
Keystone Plantation
Malthby Colliery
Pennsylvania Coal Company
Temple Iron Company",https://www.swmwlaw.com/asbestos-exposure/asbestos-exposure-by-state/asbestos-exposure-pennsylvania/
1582,Pennsylvania,Lawrenceville,"Hunter Saw & Machine
New York State Electric & Gas Corporation
Peoples Natural Gas Company
National Valve
New York State Natural Gas",https://www.swmwlaw.com/asbestos-exposure/asbestos-exposure-by-state/asbestos-exposure-pennsylvania/
1583,Pennsylvania,Lester,"Lester Industrial Building
Mechanical Insulation Company
Westinghouse Steam Division
Marathon Company
Westinghouse Electric Corp",https://www.swmwlaw.com/asbestos-exposure/asbestos-exposure-by-state/asbestos-exposure-pennsylvania/
1584,Pennsylvania,Levittown,"Ben Franklin Elementary School
Hunter Manufacturing
Roebling Steel
Econolodge
Racquet Club East Apts
Woodbourne Apartment Association",https://www.swmwlaw.com/asbestos-exposure/asbestos-exposure-by-state/asbestos-exposure-pennsylvania/
1585,Pennsylvania,Yeadon,Parkview Court Apts,https://www.swmwlaw.com/asbestos-exposure/asbestos-exposure-by-state/asbestos-exposure-pennsylvania/
1586,Pennsylvania,York Haven,"Baunner Island Elect Steam Sta
International Paper Company
Southern Kraft Div Int’L Paper Company
Brunner Island Power Plant
Pennsylvania Power & Light Company
Westinghouse Electric Company",https://www.swmwlaw.com/asbestos-exposure/asbestos-exposure-by-state/asbestos-exposure-pennsylvania/
1587,Pennsylvania,Zelienople,"Dowty Corporation
Robinson Ventilating Company
Universal Rubber Products Company
Lava Crucible Refractories
Toolmatic Company",https://www.swmwlaw.com/asbestos-exposure/asbestos-exposure-by-state/asbestos-exposure-pennsylvania/
1588,Rhose Island,Phillipsdale,"Almac’s Super Warehouse
F. W. Bird and Son
Kennycott Wire
Washburn Wire Company
Bird and Son Inc
Glen Cyou Print Works
Sayles Finishing Plants",https://www.swmwlaw.com/asbestos-exposure/asbestos-exposure-by-state/asbestos-exposure-rhode-island/
1589,Rhose Island,Portsmouth,"Fort Butts School
Pearson Boat
Portsmouth Priory Ice Rink
Raytheon
Kaiser Aluminum
Portsmouth Abby
Portsmouth Treatment Plant
St. Philomena’s",https://www.swmwlaw.com/asbestos-exposure/asbestos-exposure-by-state/asbestos-exposure-rhode-island/
1590,Rhose Island,Artic,"Artic 1st Congregational Church
Artic Christ & King Church
Artic Finishing
Artic Municipal Building
Woolworth Company
Artic Bank
Artic City Hall
Artic Industrial National Bank
Artic Telephone & Telegraph",https://www.swmwlaw.com/asbestos-exposure/asbestos-exposure-by-state/asbestos-exposure-rhode-island/
1591,Rhose Island,Providence,"40 Westminster Street
Academy School
Acme Tile Co.
Aldrich Dexter Heating Station
Allen Air Sewage Pumping Station
Allied Chemical
American Electrical Works
American Woolen Company, Inc.
Amica Office Building
Arrow Transportation
Arthur E Austin
B B and R Knight Grant Mills
Banelled Sunlight Paint Company
Benny’s Auto Store
Bercen Chemical – Valley St.
Biltmore Textile
Boneled Sunlight Paint Company
Brand Insulation Company
Broadway Plaza
Brown Job
Brown University
Brown University – John Haye Library
Brown University Animal Lab
Brown University Art Building
Brown University Book Store
Brown University Club
Brown University Dormitories
Brown University Grad Center
Brown University Marvel Gym
Brown University Metcalf Lab
Brown University Natatorium
Brown University Office Building
Brown University Pembroke College
Brown University Pipeline Connectors
Brown University Science & Engineering
Brown University Swimming Pool
Brown University Wilson Hall
Bryan Supply
Butler Exchange Company
C.R. Makepeace and Company
Caro Manufacturing
Central High School
Central Vocational School
Charles Orm’s
Cherry, Webb & Tourraine
Citizen’s Savings Bank
City of Providence Public Works
Classical High School
Coddington Housing
Cole Teaming Company
Commonwealth Insurance Co.
Curran & Burton-Coal Co.
Davol Rubber Company
Dexter Manor
Donnelly’s Department Store
Eastern Film Corp
Elmwood Mills
Estate of Sarah B. Eaton
Federal Products
Fields Point Incinerator Plant
First National Bank
Fleet Bank Building, 6th Floor
Fleet Building, Old Building 5th Fl
Fletcher Land Company
Freeman Estate New House
General Chemical
General Fire Ex Company
Geneva Mill of Wanskuck Company
Gilbane Building
Gorham Manufacturing Company
Greater Providence Trust
Grinnell Corporation
Halkyard Manufacturing Company
Hanley Brewery
Hayes Building
Heminways Grill
Hilton Hotel
Holiday Inn
Hope High School
Howard Building
Htfd Park Housing Boiler Rm
Huntington Towers
Industrial Bank Building
Industrial National Bank
Industrial Park – Niantic Ave.
Intelex Systems
International Supply
ITT Grinnel
J Samuels and Bro
Jas. Hanley Brewing Company
John Austin and Son
John F. Brady
Johnson & Wales College
Jos. Benn and Sons
Kaiser Shipyard
Kelly Hamburger
Lady Of Providence Seminary
Lauderdale Building
Lincoln School For Girls
Lockwood Greene and Company
Lowe Supply Company
Malina Corporation
Manganaro Brothers, Inc.
Manufacturers Building. Company
Mathieson Alkali Works.
Mcdonald’s Drug Store
Mech. Ceramics
Merchants Cold Storage and Warehouse Company
Miriam Hospital
Monahan Funeral Home
Mt. Carmel Church
Municipal Wharf
Narragansett Brewing Company
Narragansett Hotel
Narrangansett Electric Company
National and Providence Worsted Mills Company
National Ring Traveler Company
New England Bituminou
Nickerson House-Olynville
Northend Construction
Old Colony Bank
Oliver Hazzard Perry School
Olneysville Boy’s Club
Ostby and Barton Company
Our Lady Of Fatima
Outlet Shopping Center Parking Garage
Paragon Worsted Company
People Savings Bank
Pettaconsett Pumping Station
Pontiac Mills
Providence Arcade-North Main Street
Providence Belting Company
Providence Boys Club
Providence Bus Terminal
Providence Chain-Georgia Ave
Providence Children’s Center
Providence Civic Center
Providence College
Providence College Ice Rink
Providence College Priory Building
Providence College Trench
Providence Davis Park Va Hospital
Providence Dimes Office Building
Providence Doctor’s Building
Providence Engineering Works
Providence Fire Station
Providence Gas Company
Providence Health Building
Providence Insurance Building
Providence Jewish Synagogue
Providence Journal Building
Providence Lying Inn Hospital
Providence Municipal Dock Building
Providence Office Building
Providence Oil Tanks-Allen
Providence Pencil Co.
Providence Post Office
Providence Radio Station-Wpro
Providence Regency Apartments
Providence Regency West Apt
Providence Sewage
Providence State Office Building
Providence Steam Engine Company
Providence Telephone Building
Providence Veteran’s Theater
Providence Water Works
Providence Women & Infant Hospital
Pttaconsett Pumping Station
R. I. School of Design
Regency House
Reynold’s Machine Tool Co.
Rhode Island Brewing Company
Rhode Island Cinder Block
Rhode Island Covering Company, Inc.
Rhode Island Hospital Trust Bank
Rhode Island Perkins Horse Shoe Company
Rhode Island School For The Deaf
Rhode Island School of Nursing
Roger Williams College
Roger Williams Hospital
Roger Williams House
Roland & Whytlock Co.
Sassafras Point Works
Seaboard Advertising Co.
Shepard Store
Simpson Spring Company
St. Anne’s School
St. Catherine’s Home
St. Joseph Home For Aged
St. Paul’s Church
Standard Mill Supply Company
Star Cleaners
Staud Mill Sup Company
Stop & Shop, Resevoir Ave.
Sunoil Co.
Turnkey Post Office
U.S. Rubber Products
Union Railroad Company
United Engineering
United States Rubber Company
Universal Optical
University of Rhode Island
Valley View Housing
Veacy School
Vesta Knitting Mills
Veterans Administration Hospital
Vineyard Elementary School
Walsh Kaiser Shipyard
Wanskuck Company
Wayland Manor Nursing Home
Weybosett Square Apartments
Weybossett Hill Office Building
William Coddington
Wm E. Joslin and Company
A and C W Holbrook
Acands, Inc.
Alan Jewelry
Allen & Reed Co.
Allens Ave Bowling
America Insulated Wire Corporation
American Screw Company
Amerincan Locomotive Company Richmond Works
Arnbrust Chain Company
ARS Chemical
Assumption School
B. A. Ballou, Inc.
Beneficient House
Bercen Chemical – Atwells Ave.
Bethany Home
Blue Cross
Bradford Housing
Brigham School
Brown & Sharpe
Brown Sharpe Manufacturing Company
Brown University – Boiler Room
Brown University – Prince Lab
Brown University Apartments
Brown University Bio-Med Building
Brown University Cafeteria
Brown University Computer Center
Brown University Faculty House
Brown University Library
Brown University Meehan Auditorium
Brown University Microbiology
Brown University New Powerplant
Brown University Old Boiler Room
Brown University Physics Building
Brown University Quandrangle
Brown University St. Stephens Hall
Brown University Wayland House
Browns and Sharpe Manufacturing Company
Burden Wire and Supply Company
Butler Hospital
Carey Warehouse
Caruso Restaurant
Central Power Station
Chapin Hospital
Chas Fletcher
Cities Service Oil Company
City of Providence Hope Pumping Station
City Service
Coca-Cola
Coddington Housing Boil Rm
Commerical High School
Crown Worsted Mills
D and W Fuse Company
Dexter Asylum
Dimeo Construction Co.
Donovan Company
Edgewood School
Ernest St. Sewage Pumping Station
F. P. Sheldon and Sons Engineers
Fields Point Ice Rink
Fieldspoint Chemical
Fleet Bank
Fleet Building (Nortec Office)
Fleet National Bank
Fox Point Elementary School
Fulford Manufacturing Company
General Electric
George West School
Gondard Brothers
Grant’s Dept. Store
Green Airport
H. Martin Brown
Hancom Manufacturing
Hartford Park Housing
Heaton Button Fastnr Company
Heritage House
Hindle Building – Broad St.
Hoods Milk
Hope Pumping Sta
Howard Power Plant
Hudson Oil
Ibm Providence
Industrial Ceramics
Industrial National Plant
Industrial Trust
International Braid Company
Irons and Russell
J A Budlong and Son Company
J.L. Hudson
Jesse Metcalf Building
John Clarke
Johnson & Maylor Co.
Johnson’s Humocks
Joseph Beun and Son
Keiths Theatre
Keys Building
Lasalle Acedemy
Lerner’s Dress Shop
Lippitt Hill
Lonsdale Company Hope Mill and Phoenix Mill
Lymansville Company
Manchester Street Station
Manton Heights Boiler Room
Marriott Hotel
Mayfair Laundry
Mcvickers House, Benefit St
Memorial Plaza
Minute Man Laundry
Modern Fabricating Corp
Moses Brown School
Mt. Pleasant High School
Narraganset Hotel
Narragansett Electric Lighting Company
Narragansett Powerhouse
Nathan Bishop School
National Cash Register
New Asphalt Plant
Nicholson File Company
Nickols Elementary School
Nottingham Mills
Old Stone Bank-Park Ave.
Oliver Johnson and Company
Olneyville Post Office
Ostby’s & Bartow’s
Our Lady Of Providence Prepatorial
P G and E National Energy Group
Park Brewing Company
Petrolane Corporation
Phillips Lead And Supply
Providence and Danielson Railway Company
Providence Baptist Church
Providence Biltmore Hotel
Providence Brewing Company
Providence C.I.C. Complex
Providence Chancellory
Providence Church-Federal Hill
Providence Cold Storage
Providence College Dorms
Providence College Library
Providence College Tank
Providence Condiminiums
Providence Day Nursery
Providence District Nurse
Providence Elderly Housing
Providence Federal Building
Providence Fireman’s Mutual
Providence Gravure Company
Providence Housing Project
Providence IRS Building
Providence Journal
Providence Keyes Building
Providence Main Post Office
Providence Nursing Home
Providence Oil Lines
Providence Outlet Co. Store
Providence Pontiac Library
Providence Print Shop-Allens Ave.
Providence Railroad Station
Providence Regency East Apt.
Providence School For The Deaf
Providence Shipyards
Providence Steam and Gas Pipe Company
Providence Steel & Iron
Providence Temple Bethel
Providence Vocational School
Providence Welfare Building
Providence Worsted Mills
Queen Dyeing Company
Red Fox Bottling Company
Revere Rubber Company
Rheem Manufacturing Company
Rhode Island Chemical Company
Rhode Island College
Rhode Island Hospital
Rhode Island Jr. College-Pump Station
Rhode Island Prison
Rhode Island School of Design
Rhode Island Suburban Railway Company
Roger Williams General Hospital
Roger Williams Hospital
Rogers Screw Company
Rumford Chemical Works
Schraffts Restaurant
Sears Roebuck
Shipyard 10 Pin Bowling
South Street Station
St. Bartholomew’s
St. John’s Church
St. Joseph’s Hospital
St. Peter & Paul Cathedral
Standard Oil Company
Star Market
Steere Worsted Mills
Summit Medical Building
Turks Head Building
U.S. Engineers
Union Oil Company
Uniroyal Incorporated
United States Gutta Percha Paint Company
United Wire
University Heights Mall
Us Army Reserve
Valley Worsted Mills
Vermont Manufacturing Company
Vesta Underwear Company
Veterans’ Memorial Building
W.& W. Jewelry
Walsh-Kaiser Company, Inc.
Washington Insurance
Weeden Underwood Co.
Weybosset #1 Building
Wiggam Village Housing
Wilson Co.",https://www.swmwlaw.com/asbestos-exposure/asbestos-exposure-by-state/asbestos-exposure-rhode-island/
1592,Rhose Island,Ashton,"Healthtex
Peterson-Puritan Company
Rehobeth School-Taunton Pike
Owens-Corning
Puritan Aresol
Synthron Chemical",https://www.swmwlaw.com/asbestos-exposure/asbestos-exposure-by-state/asbestos-exposure-rhode-island/
1593,Rhose Island,Barrington,"Barrington Baptist Church
Barrington College – Student Union
Barrington High School
Barrington Medical Center
Barrington School
Barrington College
Barrington Fire Department
Barrington Jr. High School
Barrington Post Office
Hampton Meadow Elementary
Hampton Meadow Elementary School
Nyatt School
Sewans Elementary School
St. Luke’s School
Ri Lace Works
St. Andrews School",https://www.swmwlaw.com/asbestos-exposure/asbestos-exposure-by-state/asbestos-exposure-rhode-island/
1594,Rhose Island,Bristol,"Almac’s Supermarket
Bristol Elderly Housing
Bristol Jr. High School
Collins & Aukman
Nike Site
St. Elizabeth’s
Ymca
Bristol Community College
Bristol High School
Bristol Veteran’s House
Herreshoff Boat Yard
Smith & Sons, Inc.
US Rubber (Kaiser Aluminum)",https://www.swmwlaw.com/asbestos-exposure/asbestos-exposure-by-state/asbestos-exposure-rhode-island/
1595,Rhose Island,Central Falls,"August Bakery
Cardi Nursing Home
Central Falls Elderly Housing
Central Falls Police Station
Cadillac Mills
Central Falls Credit Union
Central Falls Hospital
Central Falls Rose Cottage Nursing Home
Central Falls-Elizabeth Webbing
Corango
Dytex Chemical Company
Hasbro Corp.
St. Joseph’s Church
Washburn Construction Co.
Ywca
Central Falls-Notre Dame Hospital
Corning Glass Works
Glenyon Printworks
Owens-Corning Glass
Valley Glass
Worcester Mills",https://www.swmwlaw.com/asbestos-exposure/asbestos-exposure-by-state/asbestos-exposure-rhode-island/
1596,Rhose Island,Charleston,Charleston Navy Base,https://www.swmwlaw.com/asbestos-exposure/asbestos-exposure-by-state/asbestos-exposure-rhode-island/
1597,Rhose Island,Coventry,"Air National Guard
Clariant
Coventry High School
Coventry School
Coventry Textile
Hoescht Chemica l- Boiler Room
Hoescht Chemical – Medical Lab Building
Hoescht Chemical – Tank Building
Nike Site
Packard Mills
Star City Glass
American Hoechst Corporation
Coventry Firehouse
Coventry Middle School
Coventry Telephone
Hearst Chemical
Hoescht Chemical
Hoescht Chemical – Pharmacy Building
Knotty Oak Village
Old Stone Bank
St. Thomas Rectory
Star City Glass Company",https://www.swmwlaw.com/asbestos-exposure/asbestos-exposure-by-state/asbestos-exposure-rhode-island/
1598,Rhose Island,Cranston,"A & P Bakery
ACI – Adult Correctional Institute
ACI – Powerhouse
Atlantic Tubing & Rubber Company
Budlong Rose Company
Ciba-Geigy Corp
Cranston Armed Forces Reserve
Cranston Catholic School
Cranston Fire Station
Cranston High School West
Cranston Housing
Cranston Manor Housing
Cranston Police Station
Cranston School-Gladstone Street
Cranston Telephone Building
Geigy Chemical
Geigy Chemical – Building 12
Geigy Chemical – Building 21
Geigy Chemical – Tank Farm
Grinnell Corporation
Housing For The Elderly
Howard Johnson’s
Industrial Park
Institute Of Mental Health – Adolf Meyer
Institute Of Mental Health – Dix Building
Institute Of Mental Health – Howard Laundry
Institute Of Mental Health – Pennell Building
Institute Of Mental Health – Tunnels
Kaplan’s Store
Management Brewery
AC&S Warehouse
ACI – Boiler Room
Allard Street Pumping Station
Alrose Chemical
Bercen Chemical
Bercen Chemical
Cardi Corp.
Citizen’s Savings Bank-Cranston
Cranston Boy’s Cottages
Cranston Elderly Housing
Cranston High School East
Cranston Highway Center
Cranston Mall
Cranston Park View Jr. H.S.
Cranston Print Works
Cranston Sewage Plant
Cranston Temple-Oaklawn Ave.
Geigy Chemical – Building 11
Geigy Chemical – Building 19
Geigy Chemical – Sewage Plant
Gladdings Garden City
Hamilton Building
Howard Insulation
Ideal Jewelry
Inst. Of Mental Health
Institute Of Mental Health – Criminal Insane
Institute Of Mental Health – Geriatric Building
Institute Of Mental Health – Juvenile Home
Institute Of Mental Health – Pipes
International Paper
Leesona Corp
Med Security Prison Vocational School
Medical Center Imh
Narragansett Brewery
National Furnace
Osteopath Hospital
Pocasset Food Sales
Ri Hospital Trust Bank
St. Anne’s School
St. Matthew’s School
State Garage
Taco Heaters Co.
Universal Winding Co.
Western Hill Jr. Hs
Yolden Avenue Pumping Station
Meterceram Corp.
Narragansett Brewing Company
National Guard
Pepsi Cola
Rhodus Junior High School
Royal Electric
St. Mathews Church
St. Paul’s Church
Stop & Shop
United Printing
Universal Winding Company
Ymca",https://www.swmwlaw.com/asbestos-exposure/asbestos-exposure-by-state/asbestos-exposure-rhode-island/
1599,Rhose Island,Cumberland,"Ann & Hope Mills
Cadillac Mills
Cumberland Church
Cumberland Garage
Cumberland High School
Cumberland Investments
Mossberg Steel Co.
Provincial House
Ann & Hope-Boiler Room
Cumberland – Mount Mercy School
Cumberland Elementary School
Cumberland Gas Company
Cumberland Hill School
Cumberland Middle School
Our Lady Of Fatima
St. Judes",https://www.swmwlaw.com/asbestos-exposure/asbestos-exposure-by-state/asbestos-exposure-rhode-island/
1600,Rhose Island,Darlington,"Central Falls Mazada
Mchale Warehouse
Royal Weaving Company
Crescent Corp
Northeast Insulation",https://www.swmwlaw.com/asbestos-exposure/asbestos-exposure-by-state/asbestos-exposure-rhode-island/
1601,Rhose Island,Davisville,"Davisville Naval Station
Davisville Naval Station – Building 68
G W Reynolds and Company
U.S. Naval Construction Battalion Center
Davisville Naval Station – Barracks
Davisville Woolen Company
Naval Air Station",https://www.swmwlaw.com/asbestos-exposure/asbestos-exposure-by-state/asbestos-exposure-rhode-island/
1602,Rhose Island,East Greenwich,"Almac’s Supermarket-E. Greenwich
Bostich Co.
East Greenwich High School
East Greenwich Shopping Center
Great Lady Of Mercy Church
Amitrol, Inc.
East Greenwich Dairy
East Greenwich Hockey Rink
East Greenwich Telephone
Potowonuit Elementary School",https://www.swmwlaw.com/asbestos-exposure/asbestos-exposure-by-state/asbestos-exposure-rhode-island/
1603,Rhose Island,East Providence,"Abrasive Tool Co.
Almac’s Supermarket – Riverside
Arden Engineering
Asquino’s Restaurant
Bird & Sons
Chrysler Plymouth
E. City View Housing
E. Hendricks School
E. Riverside Jr. High Schl.
East Providence Bowling – Newport Ave.
East Providence Garage
East Providence High School
East Providence Jr. High School
East Providence Nursing Home
East Providence School-Hull Street
East Providence Sewer
East Providence Telephone-Wampanaug Mall
First National Store
Grant’s Dept. Store-Riverside
Hart Engineering
Hunt Chemical
Industrial Dye Stuff
Mactruck Garage
Metacomet Ctry. Club-Golf Course Blr.
Newport Naval Base
Northboro School
Riverside Telephone Building
S&H Stamp Store-Riverside
St. Martha’s Church
Standard Oil Co.
Stillman & White
Trifari Oil Lines
United States Naval Submarine Base
Warwick Shoppers World
Zayre’s
Agawam Hunt Club
Almacs Warehouse
Arden Engineering Home
Baker Cheverolet Co.
Bristol Manufacturing Company
Cuddigan
E. Gordon School
E. Martin School
E. Wheeler School
East Providence Elderly Apt-Evergreen St
East Providence High Rise
East Providence Housing
East Providence Mill
East Providence School-Grove Street
East Providence School-Progress Street
East Providence Telephone Building
East Providence Town Hall
Fram Corporation
Gulf Oil Co.
Hartwell
Ide Chaffe Cancer Home
Leach Refractories
Mason Can
Newport Creamery
Nicholson File
Riverside Library
Rumford Chemical
Shepard Warehouse
St. Xavier Academy
Star Market
Trifari Jewelers
Tyman Manufacturing Company
Universal Optical
Washburn Wire Co.",https://www.swmwlaw.com/asbestos-exposure/asbestos-exposure-by-state/asbestos-exposure-rhode-island/
1604,Rhose Island,Foster,"Clayville Elementary School
Nike Site Foster
Isaac Paire School
Paragansett High School",https://www.swmwlaw.com/asbestos-exposure/asbestos-exposure-by-state/asbestos-exposure-rhode-island/
1605,Rhose Island,Greenville,"Greenville Finishing Co.
St. Phillips Church
Industrial Underground Bank",https://www.swmwlaw.com/asbestos-exposure/asbestos-exposure-by-state/asbestos-exposure-rhode-island/
1606,Rhose Island,Harrisville,"Harrisville Elderly Housing
Lakeview Nursing Home-Boiler Room
Lakeview Nursing Home-Boiler Room",https://www.swmwlaw.com/asbestos-exposure/asbestos-exposure-by-state/asbestos-exposure-rhode-island/
1607,Rhose Island,Jamestown,"Beaver Trail Radar Station
Jamestown Pumping Station
Old Stone Bank
Jamestown Elderly Housing
Jamestown Sewage",https://www.swmwlaw.com/asbestos-exposure/asbestos-exposure-by-state/asbestos-exposure-rhode-island/
1608,Rhose Island,Johnston,"Dean Mills School
Johnston High School
Johnston Housing
Morgan Nursing Home
Peter Pan Restaurant
Johnston Apartment Housing
Johnston Hospital Trust Bank
Mammoth Mart
Peter Pan Drug Store
St. Rocco’s School",https://www.swmwlaw.com/asbestos-exposure/asbestos-exposure-by-state/asbestos-exposure-rhode-island/
1609,Rhose Island,Kingston,"Kingston Nuclear Plant
Stop & Shop
University of Rhode Island – Butterworth Hall
University of Rhode Island – Dorms
University of Rhode Island – Engineering & Researc
University of Rhode Island – Fine Arts Building
University of Rhode Island – Gymnasium
University of Rhode Island – Housing Complex
University of Rhode Island – Lippit Hall
University of Rhode Island – Powerhouse
University of Rhode Island – Student Union
South County Hospital
University of Rhode Island – Building F
University of Rhode Island – Doris Building
University of Rhode Island – Edward’s Hall
University of Rhode Island – Faculty Building
University of Rhode Island – Fire Station
University of Rhode Island – Health Science Building
University of Rhode Island – John Fogents Building
University of Rhode Island – Pastore Building
University of Rhode Island – Ranger Hall
University of Rhode Island – Swimming Pool",https://www.swmwlaw.com/asbestos-exposure/asbestos-exposure-by-state/asbestos-exposure-rhode-island/
1610,Rhose Island,Lincoln,"Allstate Insurance
Collyer Wire
Dodge Phelps Building
Hunt Chemical
Lincoln Bowling Alleys
Lincoln Elementary School
Lincoln Housing
Lincoln Lower School (East)
Nike Site
Spiedel
Carol Cable
Cross Pen Co.
Durastone Corporation
K & M Jewelry
Lincoln Downs Race Track
Lincoln High School
Lincoln Jr. High School
Lincoln Race Track
Pawtucket Savings Bank
Thompson Chemical",https://www.swmwlaw.com/asbestos-exposure/asbestos-exposure-by-state/asbestos-exposure-rhode-island/
1611,Rhose Island,Melville,"Melville Elementary School
Melville Housing Project
Melville Pump House
Melville Fuel Pier
Melville Naval Station
Melville Trailer Park",https://www.swmwlaw.com/asbestos-exposure/asbestos-exposure-by-state/asbestos-exposure-rhode-island/
1612,Rhose Island,Middletown,"Mcdonald’s
Middletown Elementary School
Middletown Methodist Church
Middletown School
Middletown Bank
Middletown Firehouse
Middletown Navy Housing
St. Georges Academy",https://www.swmwlaw.com/asbestos-exposure/asbestos-exposure-by-state/asbestos-exposure-rhode-island/
1613,Rhose Island,Narragansett,"Galilee Processing Co.
Narragansett Epa Building
Narragansett Power – Manchester St.
Narragansett Underground Phone Building
University of Rhode Island – Marine Laboratory
Narraganset Marine Lab
Narragansett Hotel
Narragansett Power – South St.
St. Joseph’s",https://www.swmwlaw.com/asbestos-exposure/asbestos-exposure-by-state/asbestos-exposure-rhode-island/
1614,Rhose Island,Newport,"Aquidneck Bowl Alley
Bank Of Newport
Coasters Island
Gould Island Faclities
Hilton Hotel
Land’s End Estate
Melville Station
Muleshed
Naval Supply Depot
New England Steamship Company
Newport Armory
Newport Capehart Housing
Newport Coastal Trawlers
Newport Creamery Warehouse Plant
Newport Destroyer School
Newport Electric Corporation
Newport Gate Ten Motel
Newport Hospital
Newport Library
Newport Naval Base – Academic Building #1
Newport Naval Base – Barracks
Newport Naval Base – Boiler Room #877
Newport Naval Base – Building #112
Newport Naval Base – Building #447
Newport Naval Base – Building 29,43, 45
Newport Naval Base – Building 914
Newport Naval Base – Dental Building
Newport Naval Base – Gallery
Newport Naval Base – New Field House
Newport Naval Base – Ocs Dorm
Newport Naval Base – Offsite Utilities
Newport Naval Base – Pipeline
Newport Naval Base Coddington Pier 1&2
Newport Naval Base Destroyer Escorts
Newport Naval Base Fleet Oiler
Newport Naval Hospital
Newport Naval Hospital – Building 26
Newport Naval Supply Center
Newport Navy Base
Newport Photo Lab-Pier #2
Newport Post Office
Newport Submarine Lab, Building 105
Newport Telephone
Newport War College
Newport Weapon’s Development
P & M Incorporated
Quonset Point-Paulson Lab
Raytheon
Salve Regina
Sheraton Inn
St. George’s Library
St. Mary’s Church
Subsistence Building
U. S. Naval Base
U. S. Naval Underwater Ord.
U.S. Naval Torpedo Station
Underwater Ordinance
Underwood School
United States Navy Training School
Viking Hotel
Williams Estate
Avalon Estate
Bellevue Shopping Center
Cranston School
Fleet National Bank
Gould Island Torpedo Site
Howard Johnson’s
Manganaro Brothers, Inc.
Melville Underground Oil Tank
Naval Ordinance-Building 127
Naval Training Station
Newport Academic Building
Newport Brick Yard Plaza
Newport Catholic School
Newport County Electric Company
Newport Credit Union
Newport Elderly Housing
Newport Gas Company
Newport High Rise Apartments
Newport Housing
Newport Naval Air Station
Newport Naval Base – B.O.Q.
Newport Naval Base – Boiler Room
Newport Naval Base – Building #11
Newport Naval Base – Building #4
Newport Naval Base – Building 1918
Newport Naval Base – Building 360
Newport Naval Base – Cold Storage
Newport Naval Base – Dental Lab
Newport Naval Base – Gun Mounts
Newport Naval Base – North Pump House
Newport Naval Base – Officer’s School
Newport Naval Base – Pier 1&2
Newport Naval Base – Training Building
Newport Naval Base Comissary
Newport Naval Base Firefighting School
Newport Naval Destroyer Pier
Newport Naval Hospital – Boiler Room
Newport Naval Station Power
Newport Naval Yard
Newport Oil Storage Farm
Newport Pipeline-Burma Road
Newport Sewage
Newport Technical Service
Newport Training Center
Newport Water Works
Old Colony St. Railway Company
Public Works Center Building
Ravinsky Estate
Roger’s Voc. High School
Shamrock Cliff Hotel
Short Line Bus Garage
St. George’s Science Building
Steam Transportation Line Station
Trinity Church
U. S. Naval Training Station
U.S. Naval Base Hospital
U.S. Navy Motel
Underwater Sound Lab-Bld 126
United States Naval Torpedo Station
Uss Cascade
Williams & Manchester Shipyard",https://www.swmwlaw.com/asbestos-exposure/asbestos-exposure-by-state/asbestos-exposure-rhode-island/
1615,Rhose Island,Quonset,"Nike Site
Quonset Point – Air Traffic
Quonset Point – O.R. 60
Quonset Point Theater
Quonset Elderly Housing
Quonset Point – Bearing Shop
Quonset Point Naval Station",https://www.swmwlaw.com/asbestos-exposure/asbestos-exposure-by-state/asbestos-exposure-rhode-island/
1616,Rhose Island,Quonset Point,"Combustion Engineering
Quonset Point – Wild Acres
Quonset Point Hangar
Quonset Point – Hopkins Park
Quonset Point Air Station
Sunoil Drilling Rig",https://www.swmwlaw.com/asbestos-exposure/asbestos-exposure-by-state/asbestos-exposure-rhode-island/
1617,Rhose Island,Riverside,"Alice Waddington
Harborview
Ricci Farm Greenhouse
St. Brendon’s Church
Bayview Housing
Meadowcrest Elementary School
Riverside Post Office
St. Mary’s Convent",https://www.swmwlaw.com/asbestos-exposure/asbestos-exposure-by-state/asbestos-exposure-rhode-island/
1618,Rhose Island,Runford,"Brand Insulation Company
Nyman Manufacturing
Rumford Baking Powder
Rumford Ice Skating Rink
St. Margaret’s School
Westford Training School
Grant’s Dept. Store
Owens-Corning Fiberglas Corporation
Rumford Chemical Works
Rumford Towers
Wanamoisett Country Club",https://www.swmwlaw.com/asbestos-exposure/asbestos-exposure-by-state/asbestos-exposure-rhode-island/
1619,Rhose Island,Saylesville,"Glenlyon Dye Works
Lorraine Manufacturing Company
I.B. Darling Fertilizer
W F and F C Sayles",https://www.swmwlaw.com/asbestos-exposure/asbestos-exposure-by-state/asbestos-exposure-rhode-island/
1620,Rhose Island,Scituate,"Ladd School-Stores Warehouse
Scituate Elementary School
Scituate High School
Scituate-Clayville School
Scituate Baptist Church
Scituate Gas Co.
Scituate Police Station",https://www.swmwlaw.com/asbestos-exposure/asbestos-exposure-by-state/asbestos-exposure-rhode-island/
1621,Rhose Island,Smithfield,"Amperex
Charles Burns Co.
North Central Airport
Smithfield High School
Smithfield-Laperche School
Bryant College
Memorial Jr. High School
Smithfield Air Force Base
Smithfield Sewer
State Garage",https://www.swmwlaw.com/asbestos-exposure/asbestos-exposure-by-state/asbestos-exposure-rhode-island/
1622,Rhose Island,South Kingstown,"South Kingstown School
South Kingstown Sewer Treatment Plant
South Kingstown Telephone Building
South Kingstown Sewage Treatment
South Kingstown Telephone",https://www.swmwlaw.com/asbestos-exposure/asbestos-exposure-by-state/asbestos-exposure-rhode-island/
1623,Rhose Island,South Providence,"South Fogarty Elementary School
South Providence School
South Providence Church Of Assumption",https://www.swmwlaw.com/asbestos-exposure/asbestos-exposure-by-state/asbestos-exposure-rhode-island/
1624,Rhose Island,Tiverton,"Tiverton High School
Tiverton Refinery",https://www.swmwlaw.com/asbestos-exposure/asbestos-exposure-by-state/asbestos-exposure-rhode-island/
1625,Rhose Island,Wakefield,"Industrial National Bank
Old Stone Bank
Sr. Co. Hospital
Wakefield 10 Pin Bowling
Wakefield Mall
Maine Shipping Center
Smallstones
Stop & Shop
Wakefield CVS
Wakefield Telephone",https://www.swmwlaw.com/asbestos-exposure/asbestos-exposure-by-state/asbestos-exposure-rhode-island/
1626,Rhose Island,Warren,"Hathaway Mill-Berkshire
St. Mary’s Church
Warren Post Office
Warren Town Hall
Rhee Elastic Thread
Warren Housing
Warren Telephone",https://www.swmwlaw.com/asbestos-exposure/asbestos-exposure-by-state/asbestos-exposure-rhode-island/
1627,Rhose Island,North Kingstown,"Brown & Sharpe
French Town School
Nike Site
North Kingstown Jr. High School
Quonset Point-Boiler Room
University of Rhode Island
University of Rhode Island – Fraternities
Wickford Jr. High School
Davisville Naval-Officer’s Quarters
N.E. Shellfish Lab
North Kingstown High School
Quonset Point Housing
Secret Lake Pumping Station
University of Rhode Island – Boiler Room
University of Rhode Island – Math Building",https://www.swmwlaw.com/asbestos-exposure/asbestos-exposure-by-state/asbestos-exposure-rhode-island/
1628,Rhose Island,Warwick,"Amatol
B & G Refractories
Cedar Swamp Pumping Station
Davol Rubber
Green State Airport
Hillsgrove Airport
Industrial Park
Kent County Hospital
May Manufacturing
Metropolitan Life
Multifabrics
Nelson W Aldrich
Northend Construction
Our Lady Of Providence College
Post Rd. Bowling
Rhode Island Jr. College
Scott ElementarySchool
Sparrow Point
St. Kevin’s
St. Timothy Church-Warwick
Stop & Shop, Post Rd.
Theiss Dyeing Mills
Veteran’s Memorial School
Warwick Air National Guard
Warwick Elderly Housing
Warwick Fire Station
Warwick Housing
Warwick Jr. High School
Warwick Sears Roebuck
Warwick Telephone
William Harvis Furs
Apex Addition
Bookbinder House
Christopher Rhodes Elementary School
First National Meadowbrook Farm
Greenwood Manor
Holliman Elementary School
Kenny Manufacturing
Leesona Corporation
Meadowbrook Farm Bowling Alley
Midland Mall
Narragansett Village
Northeast Paper Converting
Norwood Elementary School
Our Lady of Providence Seminary
Potter Land School
Samuel Gorta
Sears Roebuck
St. Francis School
St. Peter’s
Star Market-Warwick
Supreme Dairy
Tempkin House
Valle’s Steak House
Warwick 10 Pin Bowling Lanes
Warwick Country Club
Warwick Elementary School
Warwick High School
Warwick Industrial Trust Bank
Warwick Motor Inn
Warwick Sewage
Warwick Town Hall",https://www.swmwlaw.com/asbestos-exposure/asbestos-exposure-by-state/asbestos-exposure-rhode-island/
1629,Rhose Island,North Providence,"Desitin
North Merriville Scholl
North Providence Elementary School
North Providence Nursing Home
North Providence Town Hall
St. Augustine’s School
Metro-Atlantic
North Providence Bowling-Branch Ave.
North Providence High School
North Providence Police & Fire Station
St. Augustine’s Boiler Room",https://www.swmwlaw.com/asbestos-exposure/asbestos-exposure-by-state/asbestos-exposure-rhode-island/
1630,Rhose Island,North Smithfield,"Industrial Park
North Smithfield Jr. High School
Smithfield Air National Guard
Nike Site
North Smithfield Sr. High School",https://www.swmwlaw.com/asbestos-exposure/asbestos-exposure-by-state/asbestos-exposure-rhode-island/
1631,Rhose Island,Pawtucket,"Acme Finishing Company
Apex Store
Blackstone Valley Gas and Electric Company
Brook Manor Housing
Cadoza Sales Company
Coats and Clarks Inc.
Colfax Packing
Crescent Wire
Dytex Chemical Plant
Eastern Supply Company
Elizabeth Webbing
Firestone
Fogarty Housing Project
Goff Jr. High School
Grove Street School
Hamilton Mills
Hemphill Mills
Hope Webbing Company Inc
Industrial Trust Building
James Brown
Jenks School
Lebanon Mills
Marvin Corporation
Microfibre
Moore Fabric
Narragansett Terminal
Northeast Insulation
Owens-Corning Supply Corporation
Pantex Pressing Machine Company
Paramount Card
Pawtucket Bank
Pawtucket Bus Station
Pawtucket Electric Company
Pawtucket Elementary School
Pawtucket Housing
Pawtucket Inst. For Savings
Pawtucket Municipal Garage
Pawtucket Rendering Plant
Pawtucket School – Sterry Street
Pawtucket Treatment Plant
Peerless Clothing
Prospect Hill
Robinson Rayon Mills
Sacred Heart Church
Sergeant & Wilbur
St. Ceciles Convent
St. Maria Goretta
St. Paul’s Church
St. Thomas
Stop & Shop
Tolman High School
United States Cotton Company
Whites Foundry
American Insulated Wire Corp
Blackstone Gas and Electric
Boston Stove
Burgess Mills
Checker Club
Coats Field Shopping Center
Collier Wire
Dexter Yarn Company
E Jenckes Manufacturing Company
Eden Corporation
Essex Company
Flora Curtis School
Fram Corporation
Greenhalgh Mills Inc
H and W Realty Corp
Hamlet Textile Company
Hope Erco Building
Howard Johnson’s
J. and P. Coats Inc.
Jenekes Spinning Company
Kennedy Housing Project
Leroy Theater
Mchale Warehouse
Miriam Hospital
Narragansett Electric Sub Station
Narragansett Wire
Owens-Corning Fiberglas Corporation
Pantex Manufacturing Company
Pantex Rubber
Paramount Printing Company
Pawtucket Boys Club
Pawtucket Elderly Housing
Pawtucket Electric Light Company
Pawtucket Hot Water Tank
Pawtucket Ice Rink
Pawtucket Memorial Hospital
Pawtucket Nursing Home
Pawtucket School – School Street
Pawtucket Telephone
Pawtucket Villa
Potter & Johnston Machine Company
Robert Burgess Treas. Slater Cotton Mills
Royal Electric Corp
Sayles Library
Slater Cotton Company
St. Joseph’s Church
St. Mathews Church
St. Raymond’s Church
Stewart Infra Red
Tamarack Company
Trades Building., Inc.
W.F. and F.C. Sayles Lorraine Manufacturing Company
Woodlawn Apartments",https://www.swmwlaw.com/asbestos-exposure/asbestos-exposure-by-state/asbestos-exposure-rhode-island/
1632,Rhose Island,West Warwick,"Amtrol, Inc.
Bradford Soap
Hoescht Chemical Company
Saybrook Mill
Star City Glass
Warners
West Echo Valley Apartments
West Warwick High School
West Warwick Telephone Exchange
Arkwright
Dunn’s Comer School
Riverview Textile Plant
St. John The Baptist School
United Nuclear Building
Washington Trust Bank
West Scott School
West Warwick Lace
West Warwick Treatment Plant",https://www.swmwlaw.com/asbestos-exposure/asbestos-exposure-by-state/asbestos-exposure-rhode-island/
1633,Rhose Island,Westerly,"C B Cottrell and Sons Company
Delite Fabrics Inc
Om Stillman
Swift River Woolen Company
Westerly High School
Westerly Library
Westerly Telephone Co.
Westerly Ward High School
Westerman Realty
Wm Clark Company
Ymca
Clark Falls Company
New England Silk Company
Smith Granite Company
Westerly City Hall
Westerly Hospital
Westerly Sewer
Westerly Textile Company
Westerly Water Works
Westminster Street School
Y.M.C.A.",https://www.swmwlaw.com/asbestos-exposure/asbestos-exposure-by-state/asbestos-exposure-rhode-island/
1634,Rhose Island,Wickford,"St. Bernard’s Convent
Wickford Shipyard
State Garage",https://www.swmwlaw.com/asbestos-exposure/asbestos-exposure-by-state/asbestos-exposure-rhode-island/
1635,Rhose Island,Woonsocket,"Automatic Screen Products
Carol Cable
Fogarty Hospital
French Worcestered
Grant’s Dept. Store
Kennedy Housing
Marquette Credit
Mill River Plaza
Moren Heights
Park Square Sup. Center
Reliance Moulded Plastics
S&H Stamp Center
St. Antone Hospital
Star Market
Tech Industries
US Rubber
Woonsocket CVS
Woonsocket Elderly Housing
Woonsocket Gallery School
Woonsocket Hospital
Woonsocket Library
Woonsocket Manufacturing Co.
Woonsocket Post Office
Woonsocket Telephone
Branch River Textile
Ciro’s Restaurant
Fogarty Hospital-Boiler Rm
Goodyear Tire & Rubber Company
J.F.K. Elderly High Rise
Lawton Spinning Corporation
Mccarthy’s Dept. Store
Mill Square Shopping Mall
Mt. St. Charles School
Park View Housing
Rhode Island Dyeing and Finishing
Social Manufacturing Company
St. James Church
Stop & Shop, Walnut Plaza
Us Bobbin and Shuttle Company
Woonsocket Bowling Alleys
Woonsocket Dam Generator
Woonsocket Electric Machine and Power Company
Woonsocket High School
Woonsocket Industrial Park
Woonsocket Mall
Woonsocket Medical Building
Woonsocket Spool and Bobbin Company",https://www.swmwlaw.com/asbestos-exposure/asbestos-exposure-by-state/asbestos-exposure-rhode-island/
1636,South Carolina,Easley,"Alice Manufacturing Company
Easley Cotton Mills
Glenwood Mills
Daniel Construction Company
Glenwood Cotton Mills
Saco Lowell Shops",https://www.swmwlaw.com/asbestos-exposure/asbestos-exposure-by-state/asbestos-exposure-south-carolina/
1637,South Carolina,Fort Jackson,"APC
EM Service Club
Us Army
Dreher High School
Sligh Plumbing & Heating Company",https://www.swmwlaw.com/asbestos-exposure/asbestos-exposure-by-state/asbestos-exposure-south-carolina/
1638,South Carolina,Gaffney,"Broad River Brick Company
Gaffney High School
Marion Manufacturing Company
Champion – Spring City Knitting
Gaffney Manufacturing Company
Southern Railway Frt Team Track",https://www.swmwlaw.com/asbestos-exposure/asbestos-exposure-by-state/asbestos-exposure-south-carolina/
1639,South Carolina,Georgetown,"Bldrs Marts of America
International Paper Company
Southern Kraft Paper Company
Georgetown Mill
Southern Kraft Corp
Winyah Electric Generating Plant",https://www.swmwlaw.com/asbestos-exposure/asbestos-exposure-by-state/asbestos-exposure-south-carolina/
1640,South Carolina,Graniteville,"Graniteville Manufacturing Company
Graniteville Mill",https://www.swmwlaw.com/asbestos-exposure/asbestos-exposure-by-state/asbestos-exposure-south-carolina/
1641,South Carolina,Greer,"Celanese Plant
Victor Monaghan Company
P. Stevens and Company, Inc.",https://www.swmwlaw.com/asbestos-exposure/asbestos-exposure-by-state/asbestos-exposure-south-carolina/
1642,South Carolina,Hampton,"Plywood Plastics Corporation
Southland Exchange
Plywood Products Corp
Westinghouse Plant",https://www.swmwlaw.com/asbestos-exposure/asbestos-exposure-by-state/asbestos-exposure-south-carolina/
1643,South Carolina,Aiken,"Bomb Plant
DuPont Savannah River Project
Fiberglas Plant
Savannah River Plant
DuPont Denemours
I. Du Pont De Nemours and Company
Owens Corning Fiberglas Corp
United Merchants Manufacturers",https://www.swmwlaw.com/asbestos-exposure/asbestos-exposure-by-state/asbestos-exposure-south-carolina/
1644,South Carolina,Beech Island,"Civil Insulation Company
Kimberly-Clark Corporation
Urquhart Powerhouse
Daniel Construction
South Carolina Electric & Gas Company",https://www.swmwlaw.com/asbestos-exposure/asbestos-exposure-by-state/asbestos-exposure-south-carolina/
1645,South Carolina,Berea,"Berea Industrial Park
Covil Sales, Inc.
Covil Insulation Company",https://www.swmwlaw.com/asbestos-exposure/asbestos-exposure-by-state/asbestos-exposure-south-carolina/
1646,South Carolina,Lancaster,"Grace Bleachery
Lancaster Water District
Spring Mills
Springs Cotton Mills
Lancaster Cotton Mills
Spring Industries
Springs Bleachery",https://www.swmwlaw.com/asbestos-exposure/asbestos-exposure-by-state/asbestos-exposure-south-carolina/
1647,South Carolina,Laurens,"3M Plant
BMA Inc.
P. Stevens and Company Inc.
Watts Mills
American Lava Corp
H L Roper & Company
C. District 55 H.S.",https://www.swmwlaw.com/asbestos-exposure/asbestos-exposure-by-state/asbestos-exposure-south-carolina/
1648,South Carolina,Lugoff,"Armstrong Cork Company
Mays Constr.
I. DuPont De Nemours & Company
W A Lamans Fpm",https://www.swmwlaw.com/asbestos-exposure/asbestos-exposure-by-state/asbestos-exposure-south-carolina/
1649,South Carolina,Blacksburg,"Magnolia Finishing Plant Deering Milliken Mills
Pacolet Manufacturing Company
Pacolet Finishing Plant Subsidiary of Deering Milliken Corp
Pacolet Yarns",https://www.swmwlaw.com/asbestos-exposure/asbestos-exposure-by-state/asbestos-exposure-south-carolina/
1650,South Carolina,Calhoun Falls,"Bigelow-Sanford, Inc.
Calhoun Mills
Rocky River Mills
Bloomsburg Mills
Daniel Construction Company Inc.",https://www.swmwlaw.com/asbestos-exposure/asbestos-exposure-by-state/asbestos-exposure-south-carolina/
1651,South Carolina,Camden,"Camden Forest Products Inc.
DuPont Chemical
I. Du Pont De Nemours
Pine Creek Manufacturing Company
De Kalb Cotton Mills
DuPont May Plant
May Plant",https://www.swmwlaw.com/asbestos-exposure/asbestos-exposure-by-state/asbestos-exposure-south-carolina/
1652,South Carolina,McCormick,"Daniel Construction Company
McCormick Spring Mill
Woolen Unit
McCormick Mills Corporation
Milliken Mills",https://www.swmwlaw.com/asbestos-exposure/asbestos-exposure-by-state/asbestos-exposure-south-carolina/
1653,South Carolina,Mount Pleasant,"Detyen’s Shipyards, Inc.",https://www.swmwlaw.com/asbestos-exposure/asbestos-exposure-by-state/asbestos-exposure-south-carolina/
1654,South Carolina,Myrtle Beach,"Aerocox Corp
Columbia Plastering Company
Waccaman Clay Products Company
Chapin Company
Miller LBR Company",https://www.swmwlaw.com/asbestos-exposure/asbestos-exposure-by-state/asbestos-exposure-south-carolina/
1655,South Carolina,Parris Island,"Central Power Plant Marine Barracks
Receiving Section
Parris Island
United States Marine Barracks",https://www.swmwlaw.com/asbestos-exposure/asbestos-exposure-by-state/asbestos-exposure-south-carolina/
1656,South Carolina,Catawba,"Bowaters Carolina Corporation
Catawba Nuclear Plant
Catawba News Plant
Daniel Construction Company",https://www.swmwlaw.com/asbestos-exposure/asbestos-exposure-by-state/asbestos-exposure-south-carolina/
1657,South Carolina,Cayce,"Airport Regional Office Park
Dolphus M. Grainger Power Station
Wickes Corporation
Columbia LBR & Manufacturing. Company
Guignard Brick Works",https://www.swmwlaw.com/asbestos-exposure/asbestos-exposure-by-state/asbestos-exposure-south-carolina/
1658,South Carolina,Central ,"American Enka Corporation
Central Mills Company
Basf Corp
Isaqueena Mills",https://www.swmwlaw.com/asbestos-exposure/asbestos-exposure-by-state/asbestos-exposure-south-carolina/
1659,South Carolina,Charleston Heights,"Bearing Distributors
Marine Corps Recruit Depot
Marine Corps Recruit Depot
Seaboard Airlines, Rr
Yeamans Hall Road
Boilermakers Union- Local 687
Fort Park
Port Park
Stafford Insulation Company",https://www.swmwlaw.com/asbestos-exposure/asbestos-exposure-by-state/asbestos-exposure-south-carolina/
1660,South Carolina,Pendleton,"Deering Milliken Mills
Gerrish Milliken Mills
Jess Underground Utility
Excelsior Ill No 4
Industrial Burners, Inc.",https://www.swmwlaw.com/asbestos-exposure/asbestos-exposure-by-state/asbestos-exposure-south-carolina/
1661,South Carolina,Port Royal,"North Brothers, Inc.
United States Marine Barracks
Port Royal Cotton Compressing Company",https://www.swmwlaw.com/asbestos-exposure/asbestos-exposure-by-state/asbestos-exposure-south-carolina/
1662,South Carolina,Seneca,"Duke Energy Corp
JP Stevens
National Distillers & Chemical
Quantum Chemical
Sirocco
Duke Power Company
Keowee Hydro Plant
Oconee Nuclear Station
Seneca Cotton Mills",https://www.swmwlaw.com/asbestos-exposure/asbestos-exposure-by-state/asbestos-exposure-south-carolina/
1663,South Carolina,Chester,"Cotton
Spring Industries
Sprinstein Mills
Lancaster Cotton Mills
Springs Cotton Mills
Wylie Mills",https://www.swmwlaw.com/asbestos-exposure/asbestos-exposure-by-state/asbestos-exposure-south-carolina/
1664,South Carolina,Clearwater,"Clearwater Finishing Plant
Seminole Mills
United Merchants Manufacturers",https://www.swmwlaw.com/asbestos-exposure/asbestos-exposure-by-state/asbestos-exposure-south-carolina/
1665,South Carolina,Clemson,"Clemson College
Utica and Mohawk Mills
WestPoint Stevens
Clemson Agricultural College of SC
Clemson University
Alfred University
Utica Mohawk Plant",https://www.swmwlaw.com/asbestos-exposure/asbestos-exposure-by-state/asbestos-exposure-south-carolina/
1666,South Carolina,Taylors,"Carotell Paper Board Corporation
Southern Bleachery & Print Works
Piedmont Print Works",https://www.swmwlaw.com/asbestos-exposure/asbestos-exposure-by-state/asbestos-exposure-south-carolina/
1667,South Carolina,Wallace,"Daniel Construction Company
J P Stevens and Company Inc.
Delta Finishing Plant",https://www.swmwlaw.com/asbestos-exposure/asbestos-exposure-by-state/asbestos-exposure-south-carolina/
1668,South Carolina,Wateree,"Riley Stoker Corporation
South Carolina Electric & Gas Company
C. Electric & Gas
Wateree Steam Plant",https://www.swmwlaw.com/asbestos-exposure/asbestos-exposure-by-state/asbestos-exposure-south-carolina/
1669,South Carolina,Whitmire,"Aragon Baldwin Cotton Mills
P. Stevens and Company
Whitmire
Glen Lowry Manufacturing Company
West Point Stevens
Plant",https://www.swmwlaw.com/asbestos-exposure/asbestos-exposure-by-state/asbestos-exposure-south-carolina/
1670,South Carolina,Conway,"Central Electric Power Coop.
General Electric Power Company
Riley Stoker Corporation
Embers Charcoal
New South Forest Industries",https://www.swmwlaw.com/asbestos-exposure/asbestos-exposure-by-state/asbestos-exposure-south-carolina/
1671,South Carolina,Darlington,"Darlington
Darlington Manufacturing Company
Darlington Veneer Company, Inc.
Nucor Corporation
Perfection American Company
Wellman, Inc.
Darlington Mills
Maxwell-Campbell Inc.
Nucor Steel
Perfection Gear Company",https://www.swmwlaw.com/asbestos-exposure/asbestos-exposure-by-state/asbestos-exposure-south-carolina/
1672,South Dakota,Brookings,"Brookings Municipal Light & Power
South Dakota State University
South Dakota State College",https://www.swmwlaw.com/asbestos-exposure/asbestos-exposure-by-state/asbestos-exposure-south-dakota/
1673,South Dakota,Yankton,"City Auditorium
Kanal Pine
South Dakota State Hospital
Yankton State Hosp
Collins Hotel
Mount Marty Hospital Assoc
Yankton Industrial Alcohol Corp",https://www.swmwlaw.com/asbestos-exposure/asbestos-exposure-by-state/asbestos-exposure-south-dakota/
1674,South Dakota,Aberdeen,"Aberdeen Light and Power Company
Dakota Midland Hospital
Northern Normal Industrial School
Risager Plumbing & Heating Company
Aberdeen Mill Company
Lincoln Hall
Northwestern Public Service Company
Luke Hospital Power Plt",https://www.swmwlaw.com/asbestos-exposure/asbestos-exposure-by-state/asbestos-exposure-south-dakota/
1675,Tennessee,Harriman,"Burlington Hosiery Mill
Harriman Company
Harriman Paperboard Corporation
Mead Paperboard Corp
Tennessee Forging
Clinch River Corp
Harriman Hosiery Plant
Kayser Roth Hosiery
Kayser Roth Hosiery",https://www.swmwlaw.com/asbestos-exposure/asbestos-exposure-by-state/asbestos-exposure-tennessee/
1676,Tennessee,Johnsonville,"Johnsonville Steam Plant
Tennessee Valley Authority
New Johnsonville Steam Plant",https://www.swmwlaw.com/asbestos-exposure/asbestos-exposure-by-state/asbestos-exposure-tennessee/
1677,Tennessee,Kingston,"Kingston Steam Plant
Tennessee Valley Authority",https://www.swmwlaw.com/asbestos-exposure/asbestos-exposure-by-state/asbestos-exposure-tennessee/
1678,Tennessee,Lawrenceburg,"Kraft Foods
Murray Ohio Company Inc.
Lawrenceburg High School
Murray Ohio Manufacturing Company",https://www.swmwlaw.com/asbestos-exposure/asbestos-exposure-by-state/asbestos-exposure-tennessee/
1679,Tennessee,Lebanon,"Cedar City Mills
Lebanon Woolen Mills
TRW Inc.
Inter State Ice and Coal Company
Tennessee Woolen Mills",https://www.swmwlaw.com/asbestos-exposure/asbestos-exposure-by-state/asbestos-exposure-tennessee/
1680,Tennessee,Lowland,"American Enka Corporation
Filament Chemical Paper Room
Basf Corp
Lenzing Fibers Corp",https://www.swmwlaw.com/asbestos-exposure/asbestos-exposure-by-state/asbestos-exposure-tennessee/
1681,Tennessee,Millington,"Aviation Service School
I. Du Pont De Nemours
Chickasaw Ordnance Works
United States Naval Air Station",https://www.swmwlaw.com/asbestos-exposure/asbestos-exposure-by-state/asbestos-exposure-tennessee/
1682,Tennessee,Morristown,"American Enka Corporation
H. Medlin
Morristown Knitting Mills
Tennessee Flake
Union Camp Corporation
Berkline Corporation
Morristown High School
Flake Corp
Tennessee Furniture Industries",https://www.swmwlaw.com/asbestos-exposure/asbestos-exposure-by-state/asbestos-exposure-tennessee/
1683,Tennessee,Aloca,"Aluminum Company of America
Smelting Div.
North Plant
West Plant",https://www.swmwlaw.com/asbestos-exposure/asbestos-exposure-by-state/asbestos-exposure-tennessee/
1684,Tennessee,Bristol,"Appalachian Hardwood Casket Company
Bristol Metal Prod
Charles A. Schieren
Bristol Gas and Electric Company
Bristol Regional Medical
Virginia Iron Coal and Coke Company",https://www.swmwlaw.com/asbestos-exposure/asbestos-exposure-by-state/asbestos-exposure-tennessee/
1685,Tennessee,Murfreesboro,"Carnation Company
E. Apple Motor
Olin Steel Treating Company
Veterans Administration Hospital
Exalco Manufacturing Company
General Electric Company
Rutherford County Creamery",https://www.swmwlaw.com/asbestos-exposure/asbestos-exposure-by-state/asbestos-exposure-tennessee/
1686,Tennessee,Old Hickory,"Davison Company
Old Hickory Chemical Company
Ordnance Department
United States Gov’t Explosives Plant
I. DuPont De Nemours & Company
Old Hickory Powder Plant
United States Government Explosive Plant",https://www.swmwlaw.com/asbestos-exposure/asbestos-exposure-by-state/asbestos-exposure-tennessee/
1687,Tennessee,Paris,"Celotex Corp
Holly Carburator Company
Paris City Water and Light Plant
City Water and Light Plant
Jim Walter Corp
Paris Manor Nursing Home",https://www.swmwlaw.com/asbestos-exposure/asbestos-exposure-by-state/asbestos-exposure-tennessee/
1688,Tennessee,Calhoun ,"Bowater Inc.
Bowaters Carolina Corp
Calhoun Paper Mill
Bowater Paper Mill
Bowaters Southern Paper Corporation",https://www.swmwlaw.com/asbestos-exposure/asbestos-exposure-by-state/asbestos-exposure-tennessee/
1689,Tennessee,Charleston ,"Olin Chemical
Olin Mathieson Chemical Corporation",https://www.swmwlaw.com/asbestos-exposure/asbestos-exposure-by-state/asbestos-exposure-tennessee/
1690,Tennessee,Cleveland,"Bendix Siding
Chickamauga Producers Incorporated
Dixie Foundry Company
Union Consolidated Mining Company
Brown Stove Works
Cleveland Tennessee Enamel Company
Rossville Development Company",https://www.swmwlaw.com/asbestos-exposure/asbestos-exposure-by-state/asbestos-exposure-tennessee/
1691,Tennessee,Copperhill,"B I T Manufacturing
Tennessee Copper Company
Cities Service Company",https://www.swmwlaw.com/asbestos-exposure/asbestos-exposure-by-state/asbestos-exposure-tennessee/
1692,Tennessee,Portland,"Davis Cabinet Company
International Paper Company
Tennessee Fresh Frozen Foods
Hydro Systems
Midwestern Gas Transmission Company",https://www.swmwlaw.com/asbestos-exposure/asbestos-exposure-by-state/asbestos-exposure-tennessee/
1693,Tennessee,Shelbyville,"Bedford County Nursing Home
Empire Graphite
Musgrave Pencil
Unisoyal
Dixie Hotel
Industrial Towel & Uniform Company
Sylvan Cotton Mills",https://www.swmwlaw.com/asbestos-exposure/asbestos-exposure-by-state/asbestos-exposure-tennessee/
1694,Tennessee,Spring City,"Tennessee Valley Authority
Watts Bar Steam Plant
Watts Bar Nuclear Plant",https://www.swmwlaw.com/asbestos-exposure/asbestos-exposure-by-state/asbestos-exposure-tennessee/
1695,Tennessee,Counce,"Packaging Corp of America
Tennessee River Pulp & Paper Company",https://www.swmwlaw.com/asbestos-exposure/asbestos-exposure-by-state/asbestos-exposure-tennessee/
1696,Tennessee,Cumberland City,"Cumberland Steam Plant
Tennessee Valley Authority
Cumberland Steam Plant",https://www.swmwlaw.com/asbestos-exposure/asbestos-exposure-by-state/asbestos-exposure-tennessee/
1697,Tennessee,Elizabethton,"American Glanzstoff Corporation
Great Lake Research Corporation
North American Polyester
Tennessee Chair Company
East Tennessee Undergarment Company
North American Pilot Building
North American Rayon Corp",https://www.swmwlaw.com/asbestos-exposure/asbestos-exposure-by-state/asbestos-exposure-tennessee/
1698,Tennessee,Erwin,"Carolina, Clinchfield and Ohio Railway
Davison Chemical Div.
Vestal Lumber Company
Davidson Chemical
Hoover Ball Bearing Company",https://www.swmwlaw.com/asbestos-exposure/asbestos-exposure-by-state/asbestos-exposure-tennessee/
1699,Tennessee,Tullahoma,"Allis Chalmers Manufacturing Company
Arnold Engineering & Development Corporation
Cumberland City Steam Plant
University of Tennessee Space Institute
Arnold Air Force Base
Consolidated Western Steel Company
Gas Dynamics Facilities
Wilson Sporting Goods",https://www.swmwlaw.com/asbestos-exposure/asbestos-exposure-by-state/asbestos-exposure-tennessee/
1700,Tennessee,Tyner,"Atlas Chemical Industries Inc.
Volunteer Army Ammunitions Plant
Volunteer Ordnance Works
Farmers Chemical Association
Volunteer Army Ordnance Plant",https://www.swmwlaw.com/asbestos-exposure/asbestos-exposure-by-state/asbestos-exposure-tennessee/
1701,Tennessee,Union City,"Corporation of Union City
Industrial Development Company of Union City
Goodyear Tire & Rubber Company",https://www.swmwlaw.com/asbestos-exposure/asbestos-exposure-by-state/asbestos-exposure-tennessee/
1702,Tennessee,Etowah,"Beaunit Fibers
Huber Chemical Company
M. Huber Corporation
Bonat Nylon Plant
Huber Company",https://www.swmwlaw.com/asbestos-exposure/asbestos-exposure-by-state/asbestos-exposure-tennessee/
1703,Tennessee,Gallatin,"Gallatin Steam Plant
Tennessee Valley Authority
Hoeganaes Corporation",https://www.swmwlaw.com/asbestos-exposure/asbestos-exposure-by-state/asbestos-exposure-tennessee/
1704,Tennessee,Woodstock,"I. DuPont De Nemours & Company
Shelby County
Grace Chemical Company
R. Grace",https://www.swmwlaw.com/asbestos-exposure/asbestos-exposure-by-state/asbestos-exposure-tennessee/
1705,Texas,Lake Creek,"Foster Wheeler Corporation
Texas Power & Light Company
Superior Oil – Recycling Plant
Txu Corporation",https://www.swmwlaw.com/asbestos-exposure/asbestos-exposure-by-state/asbestos-exposure-texas/
1706,Texas,Laporte,"Dupont Chemical Plant
Goodyear Tire and Rubber Company
Rohm & Haas Company
Usi Chemical Plant
I.Dupont Denemours
Oxy Chemical Plant
Tenneco Refinery
Chemtron Chemicals
Tenneco Plant",https://www.swmwlaw.com/asbestos-exposure/asbestos-exposure-by-state/asbestos-exposure-texas/
1707,Texas,Laredo,"Central Power and Light Company
La Pasada Motor Hotel
Laredo Electric and Railway Company
Petroleos Mexicanos
Texas Miningsmelting Company
Tenneco Plant
Empresas Longaria
Laredo Air Force Base
Laredo Power Station Unit Number 3
Southwestern Engineering",https://www.swmwlaw.com/asbestos-exposure/asbestos-exposure-by-state/asbestos-exposure-texas/
1708,Texas,Lone Star,"Aep Southwestern Electric Power
Lone Star Steel Mill
Lone Steel Company
Reilly Tar & Chemical Company
Textar Corporation
General Dynamics Corporation
Lone Star Technologies Inc
Red River Army Depot
Southwestern Electric Power Company",https://www.swmwlaw.com/asbestos-exposure/asbestos-exposure-by-state/asbestos-exposure-texas/
1709,Texas,Mcallen,"Crockett Elementary School
Mcallen Public Utilites
Travis Junior High
Hidalgo Company Water
Midalgo County Water",https://www.swmwlaw.com/asbestos-exposure/asbestos-exposure-by-state/asbestos-exposure-texas/
1710,Texas,McGregor,McAx Corporation,https://www.swmwlaw.com/asbestos-exposure/asbestos-exposure-by-state/asbestos-exposure-texas/
1711,Texas,Abernathy,"Southwestern Electric Power Company
Tuco Plant
Southwestern Public Service Company",https://www.swmwlaw.com/asbestos-exposure/asbestos-exposure-by-state/asbestos-exposure-texas/
1712,Texas,Arlington,"Buick Oldsmobile
General Motors Corp
General Motors Assembly
Spanish West Apartments
Vandergriff Community Center",https://www.swmwlaw.com/asbestos-exposure/asbestos-exposure-by-state/asbestos-exposure-texas/
1713,Texas,Avinger,"Aep Southwestern Electric Power
Southwestern Electric Power Company
Wilkes Steam Plant
Wilkes Steam Plant
Southwestern Public Service Company
Wilkes Powerhouse",https://www.swmwlaw.com/asbestos-exposure/asbestos-exposure-by-state/asbestos-exposure-texas/
1714,Texas,Bacliff,"Bacliff Steam Electric Station
P H Robinson Plant
Houston Lighting & Power Company
Reliant Energy Inc",https://www.swmwlaw.com/asbestos-exposure/asbestos-exposure-by-state/asbestos-exposure-texas/
1715,Texas,Mckinney,"Dallas and Sherman Interurban Railroad
Lone Star Cotton Mill
Texas Textile Mills
Doty High School
Texas Power & Light Company",https://www.swmwlaw.com/asbestos-exposure/asbestos-exposure-by-state/asbestos-exposure-texas/
1716,Texas,Mesquite,"Administration Building 405 E.David
Luminant-Lake Hubbard Ses
Texas Utilities Company
Lake Hubbard Steam Plant
North Mesquite High
Txu Electric Company",https://www.swmwlaw.com/asbestos-exposure/asbestos-exposure-by-state/asbestos-exposure-texas/
1717,Texas,Midlothian,TXI Chaparral,https://www.swmwlaw.com/asbestos-exposure/asbestos-exposure-by-state/asbestos-exposure-texas/
1718,Texas,Mineral Wells,"Baker Hotel
Mineral Wells Electric Light Power and H. Company
Perry Equipment
Crazy Well Hotel
W. Miller Power Plant",https://www.swmwlaw.com/asbestos-exposure/asbestos-exposure-by-state/asbestos-exposure-texas/
1719,Texas,Bastrop,"Bastrop Park
Pathfinder Manufacturing
Sim Gideon Steam Plant
Lower Colorado River Authority
Sim Gideon Power Plant",https://www.swmwlaw.com/asbestos-exposure/asbestos-exposure-by-state/asbestos-exposure-texas/
1720,Texas,Big Spring,"Cosden Oil & Chemical
Fina Oil and Chemical Company
Cosden Petroleum Corporation
Safeway Grocery Chain Store",https://www.swmwlaw.com/asbestos-exposure/asbestos-exposure-by-state/asbestos-exposure-texas/
1721,Texas,Big Springs,"Badger Manufacturing. Company
Cosden Oil & Chemical Company
James L. Edwards Warehouse
Veterans Administration Hospital
Cosden Petroleum Corporation
Safeway Grocery Chain Store",https://www.swmwlaw.com/asbestos-exposure/asbestos-exposure-by-state/asbestos-exposure-texas/
1722,Texas,Mission,"Aep Texas Central Company
Central Power & Light Company
Valley Reservoir and Canal Company
Bates Steam Plant
Jl Bates Power Plant",https://www.swmwlaw.com/asbestos-exposure/asbestos-exposure-by-state/asbestos-exposure-texas/
1723,Texas,Mont Belvieu,"Dynegy Midstream Services Lp
Exxon Mobil Oil Corp
Targa Midstream Services
Exxon Chemical Company
Mount Belview Plastic Plant
Warren Petroleum Corp",https://www.swmwlaw.com/asbestos-exposure/asbestos-exposure-by-state/asbestos-exposure-texas/
1724,Texas,Mount Pleasant,"Luminant-Monticello Ses
Raymond International
Txu Electric Company
Monticello Steam Plant
Texas Utilities Company",https://www.swmwlaw.com/asbestos-exposure/asbestos-exposure-by-state/asbestos-exposure-texas/
1725,Texas,Bishop,"Celanese Chemical Plant
Celanese Plastics Company
Fluor Corporation
Celanese Corporation of America
Champlin Petroleum Company",https://www.swmwlaw.com/asbestos-exposure/asbestos-exposure-by-state/asbestos-exposure-texas/
1726,Texas,Blackwell,"Oak Creek Power Plant
West Texas Utilities Company
Oak Creek Steam Plant
Wtu Power Station",https://www.swmwlaw.com/asbestos-exposure/asbestos-exposure-by-state/asbestos-exposure-texas/
1727,Texas,Bogata,"Rivercrest Power Plant
Txu Electric Company
Texas Utilities Company",https://www.swmwlaw.com/asbestos-exposure/asbestos-exposure-by-state/asbestos-exposure-texas/
1728,Texas,Bridge City,"Bridge City Powerhouse
Entergy Corp
Entergy Sabine Plant
Gulf States Utilities Company
Sabine Station
Cumbustion Engineering
Entergy Gulf States Inc
Gulf State Utilities Company
Sabine Power Plant",https://www.swmwlaw.com/asbestos-exposure/asbestos-exposure-by-state/asbestos-exposure-texas/
1729,Texas,North Abilene,Phillips Pride Refining,https://www.swmwlaw.com/asbestos-exposure/asbestos-exposure-by-state/asbestos-exposure-texas/
1730,Texas,North Sedrift,"Carbide & Carbon Chemical
Union Carbide Chemical Company
National Starch & Chemical Company",https://www.swmwlaw.com/asbestos-exposure/asbestos-exposure-by-state/asbestos-exposure-texas/
1731,Texas,Palestine,"Calhoun Packing Company
Knox Glass
Palestine Electric Light Company
Alfred University",https://www.swmwlaw.com/asbestos-exposure/asbestos-exposure-by-state/asbestos-exposure-texas/
1732,Texas,Brownwood,"Brownwood Hospital
National Guard Barracks
Thermal Products
Minnesota Mining & Manufacturing Company
Precision Insulation
Triple B Corp",https://www.swmwlaw.com/asbestos-exposure/asbestos-exposure-by-state/asbestos-exposure-texas/
1733,Texas,Bryan,"Bryan High School
Elf Atochem North America, Inc.
Power Plant
Roland C. Dansby Power Plant
Bryan Municiple Electric System
International Shoe
Rc Dansby Steam Plant
Texas A&M University",https://www.swmwlaw.com/asbestos-exposure/asbestos-exposure-by-state/asbestos-exposure-texas/
1734,Texas,Old Ocean,"American Oil
British Petroleum
Phillips 66 Oil Refinery
Amoco Gas Production Plant
Pan American Oil
Phillips Petroleum Refinery Plant",https://www.swmwlaw.com/asbestos-exposure/asbestos-exposure-by-state/asbestos-exposure-texas/
1735,Texas,Pampa,"Cabot Carbon Corporation
Celanese Corporation
Hoechst Celanese
Skelly Oil Company
Celanese Chemical Company
Forrest E. Gilmore Company of Texas
Portland Gasoline Company
Williams Natural Gas",https://www.swmwlaw.com/asbestos-exposure/asbestos-exposure-by-state/asbestos-exposure-texas/
1736,Texas,Paris,"Babcock & Wilcox Company
Cummer Manufactruing Company
Southern Ice and Utilities Company
Campbell Soup Company
Mccuistion Hospital
Joseph Hospital",https://www.swmwlaw.com/asbestos-exposure/asbestos-exposure-by-state/asbestos-exposure-texas/
1737,Texas,Pearland,"Coastal Forge & Steel Company
Replacement Parts Company
Taylor Forge Inc.
D. Keenshan Company
Stanolind Oil and Gas Company",https://www.swmwlaw.com/asbestos-exposure/asbestos-exposure-by-state/asbestos-exposure-texas/
1738,Texas,Carrollton,"Bayfield Industries
Emtex Division
Country Place Court
International Paper Company",https://www.swmwlaw.com/asbestos-exposure/asbestos-exposure-by-state/asbestos-exposure-texas/
1739,Texas,Carthage,"Champlin Oil & Refining Company
Conoco Plant
Chicago Corp
United Gas Pipe Line",https://www.swmwlaw.com/asbestos-exposure/asbestos-exposure-by-state/asbestos-exposure-texas/
1740,Texas,Cedar Bayou,"Cedar Bayou Generator Station
Chevron Phillips Plastics
Houston Lighting & Power
Chevron Chemical Plant
Gulf Chemical Plant
Spencer Chemical",https://www.swmwlaw.com/asbestos-exposure/asbestos-exposure-by-state/asbestos-exposure-texas/
1741,Texas,Pittsburg,"Aep, Welsh Power Plant
Welsh Generator Statio
Welsh Steam Plant
Southwestern Electric Power Company
Welsh Power Plant",https://www.swmwlaw.com/asbestos-exposure/asbestos-exposure-by-state/asbestos-exposure-texas/
1742,Texas,Plainview,"Best Fertilizer
Plainview Cotton Oil Company
Texas New Mexico Utilities Company
Best Fertilizers Company
Technit
West Texas Industries, Inc",https://www.swmwlaw.com/asbestos-exposure/asbestos-exposure-by-state/asbestos-exposure-texas/
1743,Texas,Point Comfort,"Alcoa Aluminum
Central Power and Light Company
Es Joslin Power Station
Point Comfort Operations
Alumina Refinery
DuPont
Joslin Steam Plant Unit 1
Texas Aluminum Plant",https://www.swmwlaw.com/asbestos-exposure/asbestos-exposure-by-state/asbestos-exposure-texas/
1744,Texas,Chaison,"Eastern Texas Electric Company
Magnolia Petroleum company
Security Oil Company
Gulf States Utilities Company
Mobil Oil Company
Eastern Texas Electric Company",https://www.swmwlaw.com/asbestos-exposure/asbestos-exposure-by-state/asbestos-exposure-texas/
1745,Texas,Channel View,"Atlantic Richfield Chemical Company
Atlantic Richfield Chemical Company
Sinclair Petrochemicals
Texas Butadiene & Chem. Corp",https://www.swmwlaw.com/asbestos-exposure/asbestos-exposure-by-state/asbestos-exposure-texas/
1746,Texas,Chocolate Bayou,"Amoco Chemical Plant
Monsanto Chemical Company
Sterling, Solutia
Amoco Refinery Plant
Phillips Refinery",https://www.swmwlaw.com/asbestos-exposure/asbestos-exposure-by-state/asbestos-exposure-texas/
1747,Texas,Port Adams,Port Adams Shipyard,https://www.swmwlaw.com/asbestos-exposure/asbestos-exposure-by-state/asbestos-exposure-texas/
1748,Texas,Port Lavaca,"Alcoa
Port Lavaca Ice, Light and Power Company
Seadrift Plant
Union Carbide Chemical Plant
Dow Chemical
Roosevelt Elementary School
Travis Middle School",https://www.swmwlaw.com/asbestos-exposure/asbestos-exposure-by-state/asbestos-exposure-texas/
1749,Texas,Richmond,"Houston Lighting and Power Company
Mkm Valve Division
Richmond Foundry
Wa Parish Generating Station
WKM Valve Division
Metro Waterworks, Inc.
Reliant Energy
Standard Oil
Wkm Foundry",https://www.swmwlaw.com/asbestos-exposure/asbestos-exposure-by-state/asbestos-exposure-texas/
1750,Texas,Clear Creek,"Clear Creek High School
Stewart Elementary
Webster Intermediate
Mc Whirter Elementary
Stone Webster Engng Corp
Clear Creek High School",https://www.swmwlaw.com/asbestos-exposure/asbestos-exposure-by-state/asbestos-exposure-texas/
1751,Texas,Clear Lake,"Celanese
Nasa Manual Spacecraft
Nasa
University of Houston",https://www.swmwlaw.com/asbestos-exposure/asbestos-exposure-by-state/asbestos-exposure-texas/
1752,Texas,College Station,"A & M University
Texas A&M University
Agricultural & Mechanical College of Texas",https://www.swmwlaw.com/asbestos-exposure/asbestos-exposure-by-state/asbestos-exposure-texas/
1753,Texas,Colorado City,"Col-Tex Refining Company
Texaco Oil
Txu Corporation
Morgan Creek Power Plant
Texas Electric Service Company",https://www.swmwlaw.com/asbestos-exposure/asbestos-exposure-by-state/asbestos-exposure-texas/
1754,Texas,Rockdale,"Alcoa Aluminum
Aluminum Plant
Texas Power & Light Company
Wkm Foundry
Alcoa Rockdale
Industrial Generating Company",https://www.swmwlaw.com/asbestos-exposure/asbestos-exposure-by-state/asbestos-exposure-texas/
1755,Texas,Rosenberg,"Bowie Elementary
Gulf States Tube Plant
Parrish Station
Calag Company Inc.
Houston Light &Power
Standard Sulphur Company",https://www.swmwlaw.com/asbestos-exposure/asbestos-exposure-by-state/asbestos-exposure-texas/
1756,Texas,Rusk,"Board For Texas State Hosp and Schools
Stryker Creek Power Plant
Texas Utilities Generating Company
Rusk State Hospital
Texas Penetentiary",https://www.swmwlaw.com/asbestos-exposure/asbestos-exposure-by-state/asbestos-exposure-texas/
1757,Texas,Conroe,"Columbia Carbon Plant
Gasoline Plant Construction Corporation
Gulf States Utilities Company
Natural Gas Pipeline Company of America
Tidewater Pipe Line Company
Entergy
Grogan Brothers
Jefferson Chemical Company
Superior Oil",https://www.swmwlaw.com/asbestos-exposure/asbestos-exposure-by-state/asbestos-exposure-texas/
1758,Texas,Corpus Christie,Coastal Refining,https://www.swmwlaw.com/asbestos-exposure/asbestos-exposure-by-state/asbestos-exposure-texas/
1759,Texas,Corsicana,"American Rock Wool Corp
Corsicana Power and Light Company
Fire Engineers Inc
Wolf Brand Products Company
Collins Middle School
Corsiciana Gas and Electric Company
Kent Middleton Refining Company",https://www.swmwlaw.com/asbestos-exposure/asbestos-exposure-by-state/asbestos-exposure-texas/
1760,Texas,San Benito,"Cabaza Junior High
Intermittent Vacuum Pre Cooling Company
San Benito Land Water Company
Valley Electric and Ice Company
Central Power & Light
La Palma Power Station
Texas Central Power Company",https://www.swmwlaw.com/asbestos-exposure/asbestos-exposure-by-state/asbestos-exposure-texas/
1761,Texas,San Leon,"Houston Lighting & Power
Robinson Generating Station",https://www.swmwlaw.com/asbestos-exposure/asbestos-exposure-by-state/asbestos-exposure-texas/
1762,Texas,Savoy,"Luminant-Valley Ses
Texas Utilities Company
Txu Electric Company
Texas Power & Light
Txu Corporation
Valley Steam Electric Station",https://www.swmwlaw.com/asbestos-exposure/asbestos-exposure-by-state/asbestos-exposure-texas/
1763,Texas,Dension,"Ag Processing, Inc
Conway Oil Company
Safeway Stores, Inc.
Coldstream Products Company
Katy Industries
Wj Smith Wood Preserving Company",https://www.swmwlaw.com/asbestos-exposure/asbestos-exposure-by-state/asbestos-exposure-texas/
1764,Texas,Denton,"City of Denton – Municipal Generating Station
Community Food Room
Municipal Power Plant
College of Industrial Arts
Denton Power Plant",https://www.swmwlaw.com/asbestos-exposure/asbestos-exposure-by-state/asbestos-exposure-texas/
1765,Texas,Diboll,"Precision Insulation
Temple Eastex Incorporated
Temple Inland Papermill
Southern Pines Saw Mill
Temple Industries",https://www.swmwlaw.com/asbestos-exposure/asbestos-exposure-by-state/asbestos-exposure-texas/
1766,Texas,Seabrook,"Baytank Incorporated
Southwest Chemical and Plastics Plant
Odfjell Terminals Lp",https://www.swmwlaw.com/asbestos-exposure/asbestos-exposure-by-state/asbestos-exposure-texas/
1767,Texas,Seadift,"Carbide & Carbon Chemical
Gaf Corporation
Olefins Division
BDow Chemical
National Starch and Chemical Company
Union Carbide Chemical Plant",https://www.swmwlaw.com/asbestos-exposure/asbestos-exposure-by-state/asbestos-exposure-texas/
1768,Texas,Sheldon,"Abitibi Consolidated Paper Mill
Champion Paper
Southern Paper Mills Inc
Champion International
Houston Plant
Southland Paper Mills, Inc.",https://www.swmwlaw.com/asbestos-exposure/asbestos-exposure-by-state/asbestos-exposure-texas/
1769,Texas,Dumas,"American Zinc Smelter Plant
Phillips Petroleum Company
Shamrock Oil and Gas Company
Cooper Bessemer
Shamrock Company Oil Company",https://www.swmwlaw.com/asbestos-exposure/asbestos-exposure-by-state/asbestos-exposure-texas/
1770,Texas,Easton,"Southwestern Gas & Electric Company
Southwestern Gas & Electric Company",https://www.swmwlaw.com/asbestos-exposure/asbestos-exposure-by-state/asbestos-exposure-texas/
1771,Texas,Edgewood,"Amoco Production Company
Pan American Gas Plant
Edgewood Plant
Pan American Petroleum",https://www.swmwlaw.com/asbestos-exposure/asbestos-exposure-by-state/asbestos-exposure-texas/
1772,Texas,Eldon,Houston Power & Light Company,https://www.swmwlaw.com/asbestos-exposure/asbestos-exposure-by-state/asbestos-exposure-texas/
1773,Texas,Etter,"Phillips Chemical Company
Spencer Chemical Company
Phillips Chemical Company
Spencer Chemical Company",https://www.swmwlaw.com/asbestos-exposure/asbestos-exposure-by-state/asbestos-exposure-texas/
1774,Texas,Smithers Lake,Houston Lighting & Power Company,https://www.swmwlaw.com/asbestos-exposure/asbestos-exposure-by-state/asbestos-exposure-texas/
1775,Texas,South Houston,"Campbells Industrial & Commercial Ins.
W. Leavesley & Sons
Mccollum Joseph Company
Dumont Siding
Leavesley Industries
United Carbon Company",https://www.swmwlaw.com/asbestos-exposure/asbestos-exposure-by-state/asbestos-exposure-texas/
1776,Texas,Strang,"E I Du Pont De Nemours Company
Sam Bertron Plant
Houston Lighting & Power Company",https://www.swmwlaw.com/asbestos-exposure/asbestos-exposure-by-state/asbestos-exposure-texas/
1777,Texas,Sulphur Springs,"P. Green Fire Brick Company
Borden Inc
National Guard Armory
P. Green Refractory
Carnation Company
Rockwell Manufacturing Company",https://www.swmwlaw.com/asbestos-exposure/asbestos-exposure-by-state/asbestos-exposure-texas/
1778,Texas,Fort Hood,"Fort Hood
Systek Flight Training",https://www.swmwlaw.com/asbestos-exposure/asbestos-exposure-by-state/asbestos-exposure-texas/
1779,Texas,Fritch,"Amarillo Oil Company
Natural Gas Pipeline
Texoma Natural Gas Company
Continental Construction Corporation
Pioneer Gas Plant
West Texas Gas Company",https://www.swmwlaw.com/asbestos-exposure/asbestos-exposure-by-state/asbestos-exposure-texas/
1780,Texas,Gran Saline,"Morten Salt Company
Wilderspin and Martin
Southern Salt Company",https://www.swmwlaw.com/asbestos-exposure/asbestos-exposure-by-state/asbestos-exposure-texas/
1781,Texas,Greens Bayou,"Armco Steel Mill
Diamond Shamrock
Pennsalt Chemical Company
Diamond Alkali Chemical
Nyotex Chemical Div
Pennsalt Chemical Company",https://www.swmwlaw.com/asbestos-exposure/asbestos-exposure-by-state/asbestos-exposure-texas/
1782,Texas,Sunray,"Continental Carbon Company
Mckee Plant
Shamrock Oil & Gas Corporation
Ultramar Diamond Shamrock
Diamond Shamrock Corporation
Panhandle Power & Light Company
Ultramar Diamond
Valero Mckee Refinery",https://www.swmwlaw.com/asbestos-exposure/asbestos-exposure-by-state/asbestos-exposure-texas/
1783,Texas,Sweeney,"Amoco Production Company
Old Ocean Refinery
Phillips Petroleum Company
S. Abercrombie Company
Pan American Refining
Standard Oil",https://www.swmwlaw.com/asbestos-exposure/asbestos-exposure-by-state/asbestos-exposure-texas/
1784,Texas,Sweeny,"Chevron Phillips Chemical Company
Pan Am Petroleum
Sweeny Refinery
Conocophillips
Phillips Petroleum Company",https://www.swmwlaw.com/asbestos-exposure/asbestos-exposure-by-state/asbestos-exposure-texas/
1785,Texas,Greenville,"Brown-Olds Plumbing & Heating
Greenville Electric Dept
Texas Aluminum Extrusion Plant
City of Greenville S.E. Plant
Greenville Electric Utility System",https://www.swmwlaw.com/asbestos-exposure/asbestos-exposure-by-state/asbestos-exposure-texas/
1786,Texas,Gregory,"Bechtel Corporation
I. Du Pont De Nemours
Reynolds Metals Aluminum
Sherwin Alumina Lp
Dow Chemical
La Quinta Plant
Shermin Plant",https://www.swmwlaw.com/asbestos-exposure/asbestos-exposure-by-state/asbestos-exposure-texas/
1787,Texas,Groves,"Atlantic Refining Company
City Hall
Phalen Tank & Boiler Service
Atlantic Richfield Oil Refinery
Fina Oil & Chemical Plant",https://www.swmwlaw.com/asbestos-exposure/asbestos-exposure-by-state/asbestos-exposure-texas/
1788,Texas,Terrell,"National Gas Equipment Company
Terrell State Hospital
North Texas Insane Asylum
Texas Midland Railroad Company",https://www.swmwlaw.com/asbestos-exposure/asbestos-exposure-by-state/asbestos-exposure-texas/
1789,Texas,Thompsons,"Houston Lighting & Power Company
Reliant Energy Inc
Nrg Texas Power Llc",https://www.swmwlaw.com/asbestos-exposure/asbestos-exposure-by-state/asbestos-exposure-texas/
1790,Texas,Trinidad,"Lone Star Gas Company
Texas Construction Company
Texas Construction Company
Texas Utilities Company
Txu Electric Company
Phoenix Utility Company
Texas Power & Light Company
Trinidad S. E. Station Tex",https://www.swmwlaw.com/asbestos-exposure/asbestos-exposure-by-state/asbestos-exposure-texas/
1791,Texas,Haskell,"Paint Creek Power Station
West Texas Utilities Company
Pittsburgh Plate Glass Company",https://www.swmwlaw.com/asbestos-exposure/asbestos-exposure-by-state/asbestos-exposure-texas/
1792,Texas,Henderson,"Anderson Hickey
Henderson Clay Products Plant
B. Fountain Sheetmetal & Roofing
Sinclair Oil and Gas Company",https://www.swmwlaw.com/asbestos-exposure/asbestos-exposure-by-state/asbestos-exposure-texas/
1793,Texas,Huntsville,"First Baptist Church
Sam Houston State Teachers Colledge
Texas Dept of Corrections
Huntsville State Teachers College
Sam Houston State University",https://www.swmwlaw.com/asbestos-exposure/asbestos-exposure-by-state/asbestos-exposure-texas/
1794,Texas,Ingleside,"Naval Station Ingleside
Reynolds Metal Company
Reynolds Aluminum
Uni Oil Inc.",https://www.swmwlaw.com/asbestos-exposure/asbestos-exposure-by-state/asbestos-exposure-texas/
1795,Texas,Velasco,"Dow Chemical Company
Westinghouse Church Kerr and Company",https://www.swmwlaw.com/asbestos-exposure/asbestos-exposure-by-state/asbestos-exposure-texas/
1796,Texas,Waskom,"Arkansas Fuel Oil Company
Arkla Energy Resources
Tri-State Brick & Tile Company
Arkansas Louisiana Gas Company
Fabsteel
Waskom Fabrication Company",https://www.swmwlaw.com/asbestos-exposure/asbestos-exposure-by-state/asbestos-exposure-texas/
1797,Texas,Waxahachie,"Larkin Packer Company Inc
Tyler Refrigeration Company
Waskom Fabrication Company
Owens Corning Fiberglass Corp
Western Electric Company",https://www.swmwlaw.com/asbestos-exposure/asbestos-exposure-by-state/asbestos-exposure-texas/
1798,Texas,Weatherford,"Brazos Electric Power Cooperative, Inc.
North Texas Generating Lake Weatherford Plant
Standard Asbestos Manufacturing & Insulating Company
Weatherford Lake Power Plant
Gulf Refinery
North Texas Steam Plant
Star Insulation",https://www.swmwlaw.com/asbestos-exposure/asbestos-exposure-by-state/asbestos-exposure-texas/
1799,Texas,Jefferson,"Blackburn Syrup Works
Southwestern Electric Power Company
Lake Bauter Powerhouse
Wilkes Power Plant",https://www.swmwlaw.com/asbestos-exposure/asbestos-exposure-by-state/asbestos-exposure-texas/
1800,Texas,Karnack,"Longhorn Ordnance Works
Thiokol Plant
Thiokol Chemical Corporation
Universal Match",https://www.swmwlaw.com/asbestos-exposure/asbestos-exposure-by-state/asbestos-exposure-texas/
1801,Texas,Katy,"Exxon
Humble Oil & Refining Company",https://www.swmwlaw.com/asbestos-exposure/asbestos-exposure-by-state/asbestos-exposure-texas/
1802,Texas,Kerrville,"Griggs Health Center
Kerrville Elementary School
Veteran’s Affairs Hospital
Kerriville State Hospital
Kerrville High School",https://www.swmwlaw.com/asbestos-exposure/asbestos-exposure-by-state/asbestos-exposure-texas/
1803,Texas,Webster,"Houston Lighting & Power Company
Reliant Energy Hlandp
Webster School
Owens-Corning Fiberglas Corporation
Webster Power Plant",https://www.swmwlaw.com/asbestos-exposure/asbestos-exposure-by-state/asbestos-exposure-texas/
1804,Texas,West Port Arthur,"Clark Refining
Gulf Refining Company
Gulf Oil Corporation
Port Arthur Refinery",https://www.swmwlaw.com/asbestos-exposure/asbestos-exposure-by-state/asbestos-exposure-texas/
1805,Texas,Wharton,"Brooking Hall
Frankie Hall
Frankie Hall
Science Building
Calag Company Inc.
R. Peace Technical-Vocational
Natural Gas Pipeline Company of America",https://www.swmwlaw.com/asbestos-exposure/asbestos-exposure-by-state/asbestos-exposure-texas/
1806,Texas,Kilgore,"Baker Hughes
Texas Salt Water Disposal Company
Hercules Gasoline Company
Petrolite Corporation
Southport Petroleum Company
Boraco Wax Company
East Texas Salt Water
Kilgore Plumbing
Skelly Oil Refinery",https://www.swmwlaw.com/asbestos-exposure/asbestos-exposure-by-state/asbestos-exposure-texas/
1807,Texas,Killeen,"Central Texas College
Killeen Elementary School
Latter Day Saints Church
Fort Hood
Killeen Junior High School
Main Fire Station",https://www.swmwlaw.com/asbestos-exposure/asbestos-exposure-by-state/asbestos-exposure-texas/
1808,Texas,Kingsville,"Celanese
Humble Oil Refining Corporation
Texas Southern Electric Company
Exxon Refinery
King Ranch Gasoline Plant",https://www.swmwlaw.com/asbestos-exposure/asbestos-exposure-by-state/asbestos-exposure-texas/
1809,Texas,Witchita Falls,"Armstrong Contracting & Supply Corporation
Bailey Meissner Company
Midwestern University
Sears Roebuck Shopping Center
Aviation Mechanics School
Katy Team Track
Rusty Cunningham Plumbing
Sheppard Air Force Base",https://www.swmwlaw.com/asbestos-exposure/asbestos-exposure-by-state/asbestos-exposure-texas/
1810,Texas,Willis,"Brown & Root
Entergy Gulf States Inc
Lewis Creek Power Plant
Entergy Corp
Entergy Lewis Creek Plant",https://www.swmwlaw.com/asbestos-exposure/asbestos-exposure-by-state/asbestos-exposure-texas/
1811,Utah,Geneva,"Columbia Geneva Steel
Geneva Steel Company
S. Steel Corporation
Columbia Steel Company
Geneva Works
United States Steel Corporation",https://www.swmwlaw.com/asbestos-exposure/asbestos-exposure-by-state/asbestos-exposure-utah/
1812,Utah,Magna,"Hercules Power Company, Inc.
Kennecott Minerals Company
Magna Water & Sewage Treatment Plant
Kennecott Copper Corporation
Kennecott Utah Copper
Utah Copper Company",https://www.swmwlaw.com/asbestos-exposure/asbestos-exposure-by-state/asbestos-exposure-utah/
1813,Utah,Park City,"Daly West Mining Company
Empire Mining Company
Day Judge Mug Company
Little Bell Consolidated Mining Company",https://www.swmwlaw.com/asbestos-exposure/asbestos-exposure-by-state/asbestos-exposure-utah/
1814,Utah,Bingham Junction,"Bingham Consolidated Mining and Smelting Company
Bingham Junction
United States Smelting Company
Bingham Copper and Gold Mining Company
U S Stores Company",https://www.swmwlaw.com/asbestos-exposure/asbestos-exposure-by-state/asbestos-exposure-utah/
1815,Utah,Delta,"Intermountain Power Agency
Intermountain Power Plant",https://www.swmwlaw.com/asbestos-exposure/asbestos-exposure-by-state/asbestos-exposure-utah/
1816,Utah,Garfield,"American Smelting & Refining Company
Garfield Smelting Company
Shelby Smelting and Lead Company
Utah Copper Company
Calera Mining Company
Kennecott Copper Company
Stauffer Chemical",https://www.swmwlaw.com/asbestos-exposure/asbestos-exposure-by-state/asbestos-exposure-utah/
1817,Utah,Salt Lake City,"Northgate Business Center
Tesoro Refining Marketing
Whittier Elementary
Steiner Corporation
West One Bank",https://www.swmwlaw.com/asbestos-exposure/asbestos-exposure-by-state/asbestos-exposure-utah/
1818,Utah,Woods Cross,"Inland Refining
Phillips Petroleu",https://www.swmwlaw.com/asbestos-exposure/asbestos-exposure-by-state/asbestos-exposure-utah/
1819,Vermont,Montpelier,"Consolidated Light and Power Company
Corry Deavitt Frost Electric Company
National Life Insurance Company
Consolidated Lighting. Company
Montpelier and Barre Light and Power Company",https://www.swmwlaw.com/asbestos-exposure/asbestos-exposure-by-state/asbestos-exposure-vermont/
1820,Vermont,Rutland,"Dial Exchange Building
Green Mountain College
Gmc Infirmary",https://www.swmwlaw.com/asbestos-exposure/asbestos-exposure-by-state/asbestos-exposure-vermont/
1821,Vermont,Bellows Falls,"Fall Mountain Mill
International Paper Company
Wyman Flint and Sons
Green Mountain Paper
White Mt Paper Company",https://www.swmwlaw.com/asbestos-exposure/asbestos-exposure-by-state/asbestos-exposure-vermont/
1822,Vermont,Bennington,"Bennington Pottery Company
Board of Education
H E Bradford Company
Black Cat Textiles
Cooperative Design",https://www.swmwlaw.com/asbestos-exposure/asbestos-exposure-by-state/asbestos-exposure-vermont/
1823,Vermont,Bermuda Hundred,"American Tobacco Company
Hurstbourne Highrise Office Building
C. Plant
Brown and Williamson
Hydronautics Incorporated",https://www.swmwlaw.com/asbestos-exposure/asbestos-exposure-by-state/asbestos-exposure-vermont/
1824,Virgina,Fairfax,"Ashleigh Condominiums
Fairfax County Hospital
Melpar Office Building
C & P Telephone
Fairfax Hospital
Springfield Mall",https://www.swmwlaw.com/asbestos-exposure/asbestos-exposure-by-state/asbestos-exposure-virginia/
1825,Virgina,Front Royal,"American Viscose Corporation
General Chemical Company
Fmc Corporation",https://www.swmwlaw.com/asbestos-exposure/asbestos-exposure-by-state/asbestos-exposure-virginia/
1826,Virgina,Galax,"Burlington Mills
Hanes Corporation
Vaughan Bassett Furniture Company",https://www.swmwlaw.com/asbestos-exposure/asbestos-exposure-by-state/asbestos-exposure-virginia/
1827,Virgina,Glen Lyn,"American Electric Power Company
Glen Lyn Plant
Appalachian Power Company",https://www.swmwlaw.com/asbestos-exposure/asbestos-exposure-by-state/asbestos-exposure-virginia/
1828,Virgina,Harrisonburg,Madison College,https://www.swmwlaw.com/asbestos-exposure/asbestos-exposure-by-state/asbestos-exposure-virginia/
1829,Virgina,Martinsville,"Bassett Walker Company
I. Du Pont De Nemours
Martinsville General Hospital
Dupont Chemical
Fibreboard Container Company
Walker Knitting Company",https://www.swmwlaw.com/asbestos-exposure/asbestos-exposure-by-state/asbestos-exposure-virginia/
1830,Virgina,Narrows,"Appalachian Electric Power Company
Celanese Corp of America
Foster Wheeler Company
Celanese Acetate
Celanese Fibers Company",https://www.swmwlaw.com/asbestos-exposure/asbestos-exposure-by-state/asbestos-exposure-virginia/
1831,Virgina,Altavista,"Burlington Industries, Inc.
Klopman Mills
Lane Company, Inc.
Ultrasystems/Altavista
Dominion Energy Inc
G. and E. Westmoreland
Ross Laboratories",https://www.swmwlaw.com/asbestos-exposure/asbestos-exposure-by-state/asbestos-exposure-virginia/
1832,Virgina,Amoco,"American Oil Company
Virginia Electric & Power Company",https://www.swmwlaw.com/asbestos-exposure/asbestos-exposure-by-state/asbestos-exposure-virginia/
1833,Virgina,Bermuda Hundred,"American Tobacco Company
Hurstbourne Highrise Office Building
C. Plant
Brown and Williamson
Hydronautics Incorporated",https://www.swmwlaw.com/asbestos-exposure/asbestos-exposure-by-state/asbestos-exposure-virginia/
1834,Virgina,Lorton,"Davis Iron and Metals
District of Columbia Government
Lorton Detention Center
Department of Corrections, D.C.
Fairfax City Water Authority",https://www.swmwlaw.com/asbestos-exposure/asbestos-exposure-by-state/asbestos-exposure-virginia/
1835,Virgina,Norfolk/Portsmouth,Norfolk Naval Shipyard,https://www.swmwlaw.com/asbestos-exposure/asbestos-exposure-by-state/asbestos-exposure-virginia/
1836,Virgina,Pepper,"Hercules Power Company, Inc.
Radford Army Amt Plant
Radford Ammunition Army Arsenal",https://www.swmwlaw.com/asbestos-exposure/asbestos-exposure-by-state/asbestos-exposure-virginia/
1837,Virgina,Petersburg,"British American Tobacco Company Ltd
Federal Correctional Institute
Hexagon Lee Laboratories
River Street Siding
Brown & Williamson Tobacco
Federal Reformatory
Petersburg Central Hospital
Virginia State College",https://www.swmwlaw.com/asbestos-exposure/asbestos-exposure-by-state/asbestos-exposure-virginia/
1838,Virgina,Pulaski,"American Pigment
Pulaski Iron Company
Radio Corp of America
General Chemical Company
Pulaski Mining Company",https://www.swmwlaw.com/asbestos-exposure/asbestos-exposure-by-state/asbestos-exposure-virginia/
1839,Virgina,Big Island,"Bedford Pulp and Paper Company
Georgia Pacific Corporation
Owens-Illinois Glass Company
Owens-Illinois, Incorporated
Big Island Paper Mill
National Container Corp of Virginia
Owens‐Illinois Paper Mill",https://www.swmwlaw.com/asbestos-exposure/asbestos-exposure-by-state/asbestos-exposure-virginia/
1840,Virgina,Blacksburg ,"Blacksburg Insulation
Radford College
P.I. Home Economics Building
Corning Glass Works
P.I. Dining Hall
Virginia Polytechnic Institute",https://www.swmwlaw.com/asbestos-exposure/asbestos-exposure-by-state/asbestos-exposure-virginia/
1841,Virgina,Quantico,"Emergency Fleet Corporation
Potemac Shipbuilding Company
S. Marines Corps.
Marine Corps Base Quantico
Trimont Dredging Company
United States Marine Barracks",https://www.swmwlaw.com/asbestos-exposure/asbestos-exposure-by-state/asbestos-exposure-virginia/
1842,Virgina,Saltville,"Hydrozine Facilities
Olin Mathieson Chemical Corporation
Mathieson Alkali Works Inc",https://www.swmwlaw.com/asbestos-exposure/asbestos-exposure-by-state/asbestos-exposure-virginia/
1843,Virgina,Staunton,"Bodley Wagon Company
Western State Hospital
L. Baugher
Westinghouse Electric & Manufacturing Company",https://www.swmwlaw.com/asbestos-exposure/asbestos-exposure-by-state/asbestos-exposure-virginia/
1844,Virgina,Bremo Bluff,"Bremo Bluff Power Station
Dominion Virginia Power
Virginia Electric & Power Company
Dominion Resources
Vepco, Bremo Power Station
Virginia Power and Light Company",https://www.swmwlaw.com/asbestos-exposure/asbestos-exposure-by-state/asbestos-exposure-virginia/
1845,Virgina,Bristol,"Bristol Memorial Hospital
Dealers Warehouse
Paty Lbr. Company, Inc.
Virginia Iron, Coal, and Coke Company
Columbian Paper Company
Electric Transmission Company
Valley Dale Packing Company",https://www.swmwlaw.com/asbestos-exposure/asbestos-exposure-by-state/asbestos-exposure-virginia/
1846,Virgina,Buena Vista,"Allegheny Ore and Iron Company
Dickinson Fire Brick Company
Reeves Brothers Inc
Buena Vista Fire Clay Company
Plant of A O and I Company
Ultrasystems",https://www.swmwlaw.com/asbestos-exposure/asbestos-exposure-by-state/asbestos-exposure-virginia/
1847,Virgina,Suffolk,"Planters Div of Standard Brands, Inc.
Portsmouth, Berkley and Suffolk Water Company
Planters Nuts and Chocolate
Smithfield Packing Company",https://www.swmwlaw.com/asbestos-exposure/asbestos-exposure-by-state/asbestos-exposure-virginia/
1848,Virgina,Surry,"Keene Corp – Hogge Island
Surry Nuclear Power Station
Vepco, Surry Power Station
Westinghouse Electric
Stone & Webster
Surry Power Station
Virginia Electric and Power",https://www.swmwlaw.com/asbestos-exposure/asbestos-exposure-by-state/asbestos-exposure-virginia/
1849,Virgina,Virigina Beach,Naval Amphibious Base Little Creek,https://www.swmwlaw.com/asbestos-exposure/asbestos-exposure-by-state/asbestos-exposure-virginia/
1850,Virgina,West Point,"Albemarle-Chesapeake Company Inc.
Mcwilliams and Company
Smurfit Stone Container
Chesapeake Albemarle Corporation
Saint Laurent Paper
The Chesapeake Corporation of Virginia",https://www.swmwlaw.com/asbestos-exposure/asbestos-exposure-by-state/asbestos-exposure-virginia/
1851,Virgina,Carbo,"Appalachian Electric Power Company
Clinch River Plant",https://www.swmwlaw.com/asbestos-exposure/asbestos-exposure-by-state/asbestos-exposure-virginia/
1852,Virgina,Charlottesville,"Charlottesville and Albermarle Railway Company
Martha Jefferson Hospital
O’Ferral, Incorporated
Williams residence
Institute of Textile Technology
North Site Junior High School
University of Virginia",https://www.swmwlaw.com/asbestos-exposure/asbestos-exposure-by-state/asbestos-exposure-virginia/
1853,Virgina,Chesapekake,"Dominion Virginia Power
Virginia Electric, Portsmouth Power Station
Vepco, Portsmouth Power Station
Volvo of America Corp",https://www.swmwlaw.com/asbestos-exposure/asbestos-exposure-by-state/asbestos-exposure-virginia/
1854,Virgina,Williamsburg,"Afeta Camp Peary
College of William and Mary
I. C. A. – Colonial Williamsburg
Williamsburg Conference Center
Williamsburg Restoration
Anheuser Busch Brewery
Monticello Shopping Center
William and Mary College
Williamsburg Lodge",https://www.swmwlaw.com/asbestos-exposure/asbestos-exposure-by-state/asbestos-exposure-virginia/
1855,Virgina,Winchester,"B & C Baking Corporation
Glaize Brothers
San Juan Sugar Corpor
Brown & Cocharn Baking Company
Osullivan Corporation
Wnchester Washngton City Railway Company",https://www.swmwlaw.com/asbestos-exposure/asbestos-exposure-by-state/asbestos-exposure-virginia/
1856,Virgina,Chester,"American Tobacco
Chesterfield Power Sta
Philip Morris Usa
Virginia Electric & Power Company
Brown and Williamson Tobacco
Honeywell International
Vepco, Chesterfield Power Station",https://www.swmwlaw.com/asbestos-exposure/asbestos-exposure-by-state/asbestos-exposure-virginia/
1857,Virgina,Chesterfield,"Allied Chemical Corporation
Dutch Gap Powerhouse
Ed Turner Excavating
Chesterfield Power Sta Nbr 5
I. Du Pont De Nemours and Company
Honeywell",https://www.swmwlaw.com/asbestos-exposure/asbestos-exposure-by-state/asbestos-exposure-virginia/
1858,Virgina,Clifton Forge,"C & O Railroad
General Electric
M.C.A. Clifton Forge
Chesapeake & Ohio Railroad
Gladys Inn Hotel",https://www.swmwlaw.com/asbestos-exposure/asbestos-exposure-by-state/asbestos-exposure-virginia/
1859,Virgina,Covington,"Covington Paper Mill
Hercules, Inc.
Virginia Pulp and Paper
Westvaco Plant
Frank Lyman
Low Moor Iron Company of Ca
West Virginia Pulp & Paper Company",https://www.swmwlaw.com/asbestos-exposure/asbestos-exposure-by-state/asbestos-exposure-virginia/
1860,Virgina,Dumfries,"Atlantic Richfield – Cockpit Point
Virginia Electric Power Company
Possum Point Power Station",https://www.swmwlaw.com/asbestos-exposure/asbestos-exposure-by-state/asbestos-exposure-virginia/
1861,Virgina,Dutch Gap,"Chesterfield Power Sta Nbr 5
Virginia Electric & Power Company
Dutch Gap",https://www.swmwlaw.com/asbestos-exposure/asbestos-exposure-by-state/asbestos-exposure-virginia/
1862,Washington,Kennewick,"Bon Marche Store
Cal-Spray
Church Grape Juice Company
Welch Grape Juice Company
Brick Yard
Chevron Chemical
Phillips Pacific Chemical",https://www.swmwlaw.com/asbestos-exposure/asbestos-exposure-by-state/asbestos-exposure-washington/
1863,Washington,Kent,"Boeing Aircraft
Kent Junior High
Meridian Elementary
Cam Industries
Liquid Air Incorporated
Springbrook Elementary School",https://www.swmwlaw.com/asbestos-exposure/asbestos-exposure-by-state/asbestos-exposure-washington/
1864,Washington,Medical Lake,"Eastern State Hospital Annex
Lakeland Village State Hospital
State of Washington Lakeland Village
Hospital For Insane
State of Washington Custodial School",https://www.swmwlaw.com/asbestos-exposure/asbestos-exposure-by-state/asbestos-exposure-washington/
1865,Washington,Pasco,"Atomic Energy Plant
Northern Pacific Railway Company
Tidewater Terminal Company
Hanford Project Reactor
Tidewater Shaver Asphalt Company",https://www.swmwlaw.com/asbestos-exposure/asbestos-exposure-by-state/asbestos-exposure-washington/
1866,Washington,Port Townsend,"Crown Zellerbach Corporation
National Paper Products Company
Fibre Board Products
Port Townsend Paper Company",https://www.swmwlaw.com/asbestos-exposure/asbestos-exposure-by-state/asbestos-exposure-washington/
1867,Washington,Puget Sound,"Bureau of Yards and Docks
United States Naval Fuel Depot
Orchard Point
United States Navy Yard",https://www.swmwlaw.com/asbestos-exposure/asbestos-exposure-by-state/asbestos-exposure-washington/
1868,Washington,Pullman,"College of Washington
State College of Washington
Wash State University
Washington State Agricultural College
Washington State University
Sigma Alpha Epsilon
Warren Little & Lund
Washington Orton Dining Hall
Washington State College",https://www.swmwlaw.com/asbestos-exposure/asbestos-exposure-by-state/asbestos-exposure-washington/
1869,Washington,Auburn,"Area 11 Elementary School
Austin Receiving
Evergreen Heights Elementary
Auburn High School
Boeing Company
Northern Pacific Railway Company",https://www.swmwlaw.com/asbestos-exposure/asbestos-exposure-by-state/asbestos-exposure-washington/
1870,Washington,Bellevue,"Bellevue Business Center
Mutual Materials Company
Bellevue Junior High School
Saint Peters Methodist",https://www.swmwlaw.com/asbestos-exposure/asbestos-exposure-by-state/asbestos-exposure-washington/
1871,Washington,Birch Bay,Atlantic Richfield,https://www.swmwlaw.com/asbestos-exposure/asbestos-exposure-by-state/asbestos-exposure-washington/
1872,Washington,Camas,"Bleach Plant & Digestor
Crown Willamette Paper Company
Georgia Pacific Corporation
Kraft Bleach Plant
Crown Columbia Paper Company
Crown Zellerbach Corporation
James River Paper Mill",https://www.swmwlaw.com/asbestos-exposure/asbestos-exposure-by-state/asbestos-exposure-washington/
1873,Washington,Shelton,"Joint Power Operation
Rainier Pulp & Paper
Simpson Logging Company
Washington Correction Center
Point Power-Simpson Paper Company
Shelton Mill
Simpson Timber Company",https://www.swmwlaw.com/asbestos-exposure/asbestos-exposure-by-state/asbestos-exposure-washington/
1874,Washington,Steilacoom,"Abitibi
Saltars Point Elementary School
West Tacoma Mill
Boise Cascade Corporation
Stone Consolidated
Western Washington Hospital For The Insane",https://www.swmwlaw.com/asbestos-exposure/asbestos-exposure-by-state/asbestos-exposure-washington/
1875,Washington,Chehalis,"Carnation Milk Products Company
Green Hills School
State of Washington.
Washington Oregon Corp
Chet’s Wire Rope
Pacific Coast Condensed Milk Company
State Training School",https://www.swmwlaw.com/asbestos-exposure/asbestos-exposure-by-state/asbestos-exposure-washington/
1876,Washington,Cherry Point,INTALCO Aluminum-Cherry Point,https://www.swmwlaw.com/asbestos-exposure/asbestos-exposure-by-state/asbestos-exposure-washington/
1877,Washington,Cliffs,Harvey Aluminum,https://www.swmwlaw.com/asbestos-exposure/asbestos-exposure-by-state/asbestos-exposure-washington/
1878,Washington,Columbia,Columbia Aluminum,https://www.swmwlaw.com/asbestos-exposure/asbestos-exposure-by-state/asbestos-exposure-washington/
1879,Washington,Cosmopolis,"Grays Harbor Mill
Weyerhauser Paper Company
N River Senior High
Weyerhauser Timber Company",https://www.swmwlaw.com/asbestos-exposure/asbestos-exposure-by-state/asbestos-exposure-washington/
1880,Washington,Sumner,"Fibreboard Products Company
Sonoco Products Company
Fleischmann Company
Standard Brands",https://www.swmwlaw.com/asbestos-exposure/asbestos-exposure-by-state/asbestos-exposure-washington/
1881,Washington,Sunnside,"Carnation Company
Jt Mcintire Mint Farm
Yakima City Creamery
Independent Food Processors
Utah Idaho Sugar Company",https://www.swmwlaw.com/asbestos-exposure/asbestos-exposure-by-state/asbestos-exposure-washington/
1882,Washington,Velox,"Agricultural Science Building
Icoa
Naval Supply Depot
Spokane Ind Park Building 5
S. Naval Supply Depot
Douglas United Nuclear
Industrial Park Building 5
Phillips 66
Spokane Industrial Park",https://www.swmwlaw.com/asbestos-exposure/asbestos-exposure-by-state/asbestos-exposure-washington/
1883,Washington,Ellensburg,"Central Washington College of Education
Central Washington University
Food Facilities Warehouse
Central Washington State College
Ellensburg Junior High School
Holmes Dining Hall",https://www.swmwlaw.com/asbestos-exposure/asbestos-exposure-by-state/asbestos-exposure-washington/
1884,Washington,Fort Lewis,"D A Public Works
Pittsburgh and Midway Coal Mingin Company
Fort Lewis Laundry
U S Army Laundry",https://www.swmwlaw.com/asbestos-exposure/asbestos-exposure-by-state/asbestos-exposure-washington/
1885,Washington,Goldendale,Martin-Marietta Corporation,https://www.swmwlaw.com/asbestos-exposure/asbestos-exposure-by-state/asbestos-exposure-washington/
1886,Washington,Issaquah,"Lakeside Sand & Gravel
Maywood High School
Sisters of Providence
Washington Interscholastic Building
Maywood Elementary School
Maywood Junior High School
The City Church",https://www.swmwlaw.com/asbestos-exposure/asbestos-exposure-by-state/asbestos-exposure-washington/
1887,Washington,Walla Walla,"Boise Cascade Corporation
Libby, Mcneill and Libby
State of Wash, Department of Public Institutions
Washington State Penitentiary
Continental Can Company
Northwestern Gas and Electric Company
Terminal Ice & Cold Storage
Whitman College",https://www.swmwlaw.com/asbestos-exposure/asbestos-exposure-by-state/asbestos-exposure-washington/
1888,Washington,Wallula,"Boise Cascade Corporation
Boise Cascade Corporation",https://www.swmwlaw.com/asbestos-exposure/asbestos-exposure-by-state/asbestos-exposure-washington/
1889,Washington,Yakima,"Bronson Residence
Granger Clay Products
Pacific Power and Light Company
Elizabeth Hospital
Chinook Hotel
John I Haas
People’s Store
Weber Chevrolet Company",https://www.swmwlaw.com/asbestos-exposure/asbestos-exposure-by-state/asbestos-exposure-washington/
1890,West Virgina,Hinton,"Chesapeake & Ohio Railway Company
Hinton Water Light and Supply Company
Wv Water Company
Hinton Sanitary Board
Sanitary Board",https://www.swmwlaw.com/asbestos-exposure/asbestos-exposure-by-state/asbestos-exposure-west-virginia/
1891,West Virgina,Institute,"F. Goodrich
Dupont
Goodrich Gulf Chemicals Inc
F. Goodrich
Carbide and Carbon Chemical Corp
I. Dupont De Nemours & Company
Institute West Virginia Plant
Union Carbide & Carbon Chemical Corporation",https://www.swmwlaw.com/asbestos-exposure/asbestos-exposure-by-state/asbestos-exposure-west-virginia/
1892,West Virgina,Kenova,"Aristech
Consolidated Light, Heat and Power Company
Jeffery Dewitt Insulator Company
Ohio Transmission & Pump
Ashland Oil
Jefferey De Whitt Escalator Plant
Novamount
Ohio Valley Electric Railway Company",https://www.swmwlaw.com/asbestos-exposure/asbestos-exposure-by-state/asbestos-exposure-west-virginia/
1893,West Virgina,Long Reach,"Linde Air Products Company
Union Carbide
Salt Mine",https://www.swmwlaw.com/asbestos-exposure/asbestos-exposure-by-state/asbestos-exposure-west-virginia/
1894,West Virgina,Maidsville,"Allegheny Energy Supply Company
Monongahela Power Company
West Penn Power Company
Fort Martin Power Station
Valley Camp Coal Company",https://www.swmwlaw.com/asbestos-exposure/asbestos-exposure-by-state/asbestos-exposure-west-virginia/
1895,West Virgina,Martinsburg,"Capital Cement Company
Corning Glass Works
Martin Marietta Cement Company
Standard Lime & Cement Company
Wheeling Pittsburg Steel
Continental Clay Products Company
Interwoven Mills Inc
Martinsburg Gas Company
Western Electric Company, Inc.",https://www.swmwlaw.com/asbestos-exposure/asbestos-exposure-by-state/asbestos-exposure-west-virginia/
1896,West Virgina,Albright,"Albright Power Station
Potomac Edison
Monongahela Power Company",https://www.swmwlaw.com/asbestos-exposure/asbestos-exposure-by-state/asbestos-exposure-west-virginia/
1897,West Virgina,Alloy,"Electro Metallurgical Company
Union Carbide
Elkem Metals
West Virginia Hydro Electric Company",https://www.swmwlaw.com/asbestos-exposure/asbestos-exposure-by-state/asbestos-exposure-west-virginia/
1898,West Virgina,Apple Grove,"Apple Grove Pulp Company
Point Pleasant Plant
Goodyear Tire & Rubber Company
Shell Chemical Company",https://www.swmwlaw.com/asbestos-exposure/asbestos-exposure-by-state/asbestos-exposure-west-virginia/
1899,West Virgina,Beckley,"Beckley Armory
Pinecrest Hospital
A. Hospital
Beckley National Bank
United Mine Workers Hospital
Veterans Affairs Medical Center",https://www.swmwlaw.com/asbestos-exposure/asbestos-exposure-by-state/asbestos-exposure-west-virginia/
1900,West Virgina,Mount Storm,"Storm Powerhouse
Storm Powerhouse
Virginia Electric & Power Company
Virginia Power & Light
Mount Storm Station
Stone & Webster Engineering Corp
Virginia Electric & Power Company",https://www.swmwlaw.com/asbestos-exposure/asbestos-exposure-by-state/asbestos-exposure-west-virginia/
1901,West Virgina,Natrium,"Columbia Southern Chemical
Moray Chemical Corporation
Pittsburgh Plate Glass Company
Linde Air Products Company
Natrium Plant",https://www.swmwlaw.com/asbestos-exposure/asbestos-exposure-by-state/asbestos-exposure-west-virginia/
1902,West Virgina,Newell,"Ergon – West Virginia
Ohio Brass Company
Koppers Company, Inc.
Quaker State Corporation",https://www.swmwlaw.com/asbestos-exposure/asbestos-exposure-by-state/asbestos-exposure-west-virginia/
1903,West Virgina,Beech Bottom,"American Gas and Electric Company
Ohio Power Company
Beech Bottom Power Company, Inc.
Wheeling Pittsburg Steel",https://www.swmwlaw.com/asbestos-exposure/asbestos-exposure-by-state/asbestos-exposure-west-virginia/
1904,West Virgina,Belle,"Belle Alkali Company
Diamond Shamrock
Sharples Solvents Corporation
Belle Works
I.Dupont Denemours
Union Boiler",https://www.swmwlaw.com/asbestos-exposure/asbestos-exposure-by-state/asbestos-exposure-west-virginia/
1905,West Virgina,Benwood,"Baltimore & Ohio Railroad
Boston & Ohio Railroad
Wheeling Pittsburgh Steel
Wheeling Steel Corporation
Benwood Iron Works
Wheeling Coke Ovens
Wheeling Steel and Iron Company",https://www.swmwlaw.com/asbestos-exposure/asbestos-exposure-by-state/asbestos-exposure-west-virginia/
1906,West Virgina,Point Pleasant,"Marietta Manufacturing Company
Point Pleasant Armory
Pantasote Company
Wv Malleable Iron",https://www.swmwlaw.com/asbestos-exposure/asbestos-exposure-by-state/asbestos-exposure-west-virginia/
1907,West Virgina,Ravenswood,"Kaiser Aluminum & Chemical Corporation
Ravenswood Aluminum",https://www.swmwlaw.com/asbestos-exposure/asbestos-exposure-by-state/asbestos-exposure-west-virginia/
1908,West Virgina,Rivesville,"Allegheny Energy
Monongahela West Penn Public Service Company
Rivesville Generating Station/ Monongahela Power
Monongahela Power and Railway Company
Mountaineer Coal Company
Rivesville Power Plant",https://www.swmwlaw.com/asbestos-exposure/asbestos-exposure-by-state/asbestos-exposure-west-virginia/
1909,West Virgina,Saint Marys,"American Cyanamid
Monongahela Power Company
Quaker State Oil Refining Company
Mobay Chemical
Quaker State Corporation",https://www.swmwlaw.com/asbestos-exposure/asbestos-exposure-by-state/asbestos-exposure-west-virginia/
1910,West Virgina,Bluefield,"Bluefield Ice & Coal Company
Bluestone Tract’N Company
East River Electric Company
Bluefield Water Works
Coppinger Machinery
Norfolk and Western Railway Company",https://www.swmwlaw.com/asbestos-exposure/asbestos-exposure-by-state/asbestos-exposure-west-virginia/
1911,West Virgina,Buckhannon,"Buckhannon Light and Water Company
Corhart Refractories Company
Moore’s Business Forms
Corhart Cement Company
F. Pritchard & Company",https://www.swmwlaw.com/asbestos-exposure/asbestos-exposure-by-state/asbestos-exposure-west-virginia/
1912,West Virgina,Cabin Creek,"Aep Cabin Creek Power Station
Appalachian Power and Light. Company
Hope Natural Gas Company
Appalachian Electric Power Company
Cabin Creek Power Plant
Pure Oil Company",https://www.swmwlaw.com/asbestos-exposure/asbestos-exposure-by-state/asbestos-exposure-west-virginia/
1913,West Virgina,Scary,"Appalachian Power Company
Ohio Power Company
John Amos Power House",https://www.swmwlaw.com/asbestos-exposure/asbestos-exposure-by-state/asbestos-exposure-west-virginia/
1914,West Virgina,Sistesville,"Sistersville Tank Works, Inc.
Union Carbide Corp
Ucc
Wetzel Tyler Street Railway Company",https://www.swmwlaw.com/asbestos-exposure/asbestos-exposure-by-state/asbestos-exposure-west-virginia/
1915,West Virgina,Vienna,"Keene Corp
Owens Illinois Glass
National Bottle
Universal Glass",https://www.swmwlaw.com/asbestos-exposure/asbestos-exposure-by-state/asbestos-exposure-west-virginia/
1916,West Virgina,Chester,"American Tin Plate Company
Chester Rolling Mill Company
Koppers Company, Inc.
Celotex Corporation
Chester Works
Taylor Smith & Taylor",https://www.swmwlaw.com/asbestos-exposure/asbestos-exposure-by-state/asbestos-exposure-west-virginia/
1917,West Virgina,Cresap,"Appalachian Electric Power Company
Captina Operating Company
Cresap Powerhouse
Mitchell Powerhouse
Appalachian Power Company Mit
Consolidation Coal Company
Kammer Plant
Ohio Power Company",https://www.swmwlaw.com/asbestos-exposure/asbestos-exposure-by-state/asbestos-exposure-west-virginia/
1918,West Virgina,Dunbar,"Acands, Inc.
Armstrong Cork Company
Dunbar Tire and Rubber Company
Union Carbide Chemical Company
Ap Green Refractories of Ohio
Dunbar Glass
Port Amherst",https://www.swmwlaw.com/asbestos-exposure/asbestos-exposure-by-state/asbestos-exposure-west-virginia/
1919,West Virgina,Washington,"Carborundum Metals Company
Saint-Gobain Advanced Ceramics Corporation
I. Du Pont De Nemours
Washington Works",https://www.swmwlaw.com/asbestos-exposure/asbestos-exposure-by-state/asbestos-exposure-west-virginia/
1920,West Virgina,Weirton,"Continental Can
Continental Can
Strip Steel Department
Weirton General Hospital
Wheeling Pittsburgh Steel
Koppers Company, Inc.
Phillips Sheet and Tin Plate Company
Weir Cove Moving & Storage Company
Weirton National Steel",https://www.swmwlaw.com/asbestos-exposure/asbestos-exposure-by-state/asbestos-exposure-west-virginia/
1921,West Virgina,Wellsburg,"Banner Fibreboard Company
Hudson Paper Company
West Penn Power Company
George Sherrard Paper Manufacturing Company
International Paper and Power Company",https://www.swmwlaw.com/asbestos-exposure/asbestos-exposure-by-state/asbestos-exposure-west-virginia/
1922,West Virgina,Weston,"Colonial Glass
Sun Lumber Company
West Virginia Glass
Weston State Hospital
Louis Glass Company
W Va Hospital For Insane
West Virginia Hospital For The Insane",https://www.swmwlaw.com/asbestos-exposure/asbestos-exposure-by-state/asbestos-exposure-west-virginia/
1923,West Virgina,Elkins,"Allegheny Veener Plant
C & P Telephone Company
Building
Barnard & Wetzek Block Company
Chesapeake & Potomac Telephone Company – New Dial
Elkins Hospital",https://www.swmwlaw.com/asbestos-exposure/asbestos-exposure-by-state/asbestos-exposure-west-virginia/
1924,West Virgina,Follansbee,"American Tar Products Company
Kippers Products Company
La Belle Iron Works
Wheeling Pittsburgh Steel
Follansbee Brothers Company
Koppers Company, Inc.
Steubenville Plant
Wheeling Steel Corporation",https://www.swmwlaw.com/asbestos-exposure/asbestos-exposure-by-state/asbestos-exposure-west-virginia/
1925,West Virgina,Willow Island,"Allegheny Power Service Corporation
Calco Chemical Company
Monongahela Power Company
Willow Island Powerhouse
American Cyanimide Company
Cytec Industries Incorporated",https://www.swmwlaw.com/asbestos-exposure/asbestos-exposure-by-state/asbestos-exposure-west-virginia/
1926,West Virgina,Gary,"Alpheus Preparation Plant
Olga Coal Company
U S Steel Corp
United States Steel Mining Company
Iron Gary Mdowell Company
P. Gary Station
United States Coal and Coke Company
Welch, Mcdowell Company",https://www.swmwlaw.com/asbestos-exposure/asbestos-exposure-by-state/asbestos-exposure-west-virginia/
1927,West Virgina,Glasgow,"Appalachian Electric Power Company
Appalachian Power Company
Glasgow Powerhouse
Appalachian Electric Power Company – Kanawha River Plant
Appalachian Power Company
Kanawha River Plant",https://www.swmwlaw.com/asbestos-exposure/asbestos-exposure-by-state/asbestos-exposure-west-virginia/
1928,West Virgina,Graham Station,"American Gas and Electric
Ohio Power Company
Phillip Sporn Plant
Appalachian Electric Power Company
Ohio Power Company Appalachian Power
American Gas and Electric",https://www.swmwlaw.com/asbestos-exposure/asbestos-exposure-by-state/asbestos-exposure-west-virginia/
1929,West Virgina,Grant Town,"Assoc. Goal
Federal Coal and Coke Company
Eastern Gas & Fuel Association
Seneca Coal Corporation",https://www.swmwlaw.com/asbestos-exposure/asbestos-exposure-by-state/asbestos-exposure-west-virginia/
1930,Wisconsin,Merrill,"Anson Hixson Sash and Door Company
Kearney Trucker Corp
Taylor Insulation Company, Inc.
H W Wright Lumber Company
Northern Door Corporation
Union Grove High School",https://www.swmwlaw.com/asbestos-exposure/asbestos-exposure-by-state/asbestos-exposure-wisconsin/
1931,Wisconsin,Mosinee,"Mosinee Paper Corp
Wausau Sulphate Fibre Company
Mosinee Paper Mills Company",https://www.swmwlaw.com/asbestos-exposure/asbestos-exposure-by-state/asbestos-exposure-wisconsin/
1932,Wisconsin,Nekoosa,"Georgia Pacific
Nekoosa Foundry & Machinery
Nekoosa-Edwards Paper Company
Nekoosa Edwards Paper Company
Nekoosa Paper Company",https://www.swmwlaw.com/asbestos-exposure/asbestos-exposure-by-state/asbestos-exposure-wisconsin/
1933,Wisconsin,New London,"Curtis Corporation
Hamilton & Sons Canning
Wisconsin Cabinet and Panel Company
Georgia-Pacific Corporation
New London High School",https://www.swmwlaw.com/asbestos-exposure/asbestos-exposure-by-state/asbestos-exposure-wisconsin/
1934,Wisconsin,Niagara,"Kimberly Clark Corporation
Newpage – Niagara Mill",https://www.swmwlaw.com/asbestos-exposure/asbestos-exposure-by-state/asbestos-exposure-wisconsin/
1935,Wisconsin,Oak Creek,"A C Electronics
Delphi Automotive
Oak Creek Powerhouse
A C Spark Plug
General Motors
Wisconsin Electric Power Company",https://www.swmwlaw.com/asbestos-exposure/asbestos-exposure-by-state/asbestos-exposure-wisconsin/
1936,Wisconsin,Oconomowoc,"Carnation Company
Carnation Milk Products Company
Oconomowoc Junior High School
Pacific Coast Condensed Milk Company
Summit Elementary School
Carnation Company
Oconomowoc High School
Pabst Farms
Sentry Equipment Company",https://www.swmwlaw.com/asbestos-exposure/asbestos-exposure-by-state/asbestos-exposure-wisconsin/
1937,Wisconsin,Alfred,"Alfred State College
Babcock School of Physics
Alfred University",https://www.swmwlaw.com/asbestos-exposure/asbestos-exposure-by-state/asbestos-exposure-wisconsin/
1938,Wisconsin,Oconto,"Falls Paper & Power Company
Holt Lumber Company
Oconto Hospital
Hold Hardwood Company
Oconto Falls Paper Company",https://www.swmwlaw.com/asbestos-exposure/asbestos-exposure-by-state/asbestos-exposure-wisconsin/
1939,Wisconsin,Oconto Falls,"Falls Manufacturing Company
Kimberly-Clark Corporation
Scott Paper Company
Falls Paper and Power Company
Oconto Falls Tissue Inc.
Scott Paper Mill",https://www.swmwlaw.com/asbestos-exposure/asbestos-exposure-by-state/asbestos-exposure-wisconsin/
1940,Wisconsin,Port Edwards,"Domtar, Incorporated
Nekoosa-Edwards Paper Company, Inc.
Georgia Pacific
Port Edwards Mill",https://www.swmwlaw.com/asbestos-exposure/asbestos-exposure-by-state/asbestos-exposure-wisconsin/
1941,Wisconsin,Port Washington,"Kwik-Mix Company
Modern Equipment Company
Washington Heights High School
Milwaukee Electric Railway & Light Company
Mary’s School
Wisconsin Electric Power Company",https://www.swmwlaw.com/asbestos-exposure/asbestos-exposure-by-state/asbestos-exposure-wisconsin/
1942,Wisconsin,Rhinelander,"B Pride Rhinelander Paper Company
Regis Paper
Rhinelander Paper Company, Inc.
Wausau Mosinee Paper",https://www.swmwlaw.com/asbestos-exposure/asbestos-exposure-by-state/asbestos-exposure-wisconsin/
1943,Wisconsin,Ripon,"Green Giant Canning Company
Ripon High School
Green Giant Company
Speed Queen",https://www.swmwlaw.com/asbestos-exposure/asbestos-exposure-by-state/asbestos-exposure-wisconsin/
1944,Wisconsin,Rothschild,"City Hall
Wisconsin Public Service Corp
Marathon Paper Mills Company",https://www.swmwlaw.com/asbestos-exposure/asbestos-exposure-by-state/asbestos-exposure-wisconsin/
1945,Wisconsin,South Milwaukee,"Appleton Electric Company
Bucyrus Company
Evenrude Motors
Packaging Corporation of America
Badger Malleable & Manufacturing. Company
Bucyrus Erie
Line Material Company",https://www.swmwlaw.com/asbestos-exposure/asbestos-exposure-by-state/asbestos-exposure-wisconsin/
1946,Wisconsin,Sturgeon Bay,"Door County Jail
Peterson Builders, Inc.
Door County Memorial Hospital
Sturgeon Bay Shipbuilding",https://www.swmwlaw.com/asbestos-exposure/asbestos-exposure-by-state/asbestos-exposure-wisconsin/
1947,Wisconsin,Tomahawk,"National Container Corp of Wisconsin
Owens Illinois Glass Company
Tenneco Packaging
Owens Corning Fiberglas Corporation
Packaging Corp of America
Tomahawk Kraft Paper Company",https://www.swmwlaw.com/asbestos-exposure/asbestos-exposure-by-state/asbestos-exposure-wisconsin/
1948,Wisconsin,Two Rivers,"Aluminum Manufacturing Company
Hamilton Manufacturing Company
Mid‐Cities Shopping Center
Thermo Fisher Scientific
City Hospital
Lloyd Manufacturing. Company
Point Beach Nuclear Plant
Two Rivers Community Hospital",https://www.swmwlaw.com/asbestos-exposure/asbestos-exposure-by-state/asbestos-exposure-wisconsin/
1949,Wisconsin,Wauwatosa,"Grede Foundries
Malone’s Drug Store
Milwaukee County Institutions & Departments
Howard Johnson Motel
Milwaukee County Insitutions & Dept",https://www.swmwlaw.com/asbestos-exposure/asbestos-exposure-by-state/asbestos-exposure-wisconsin/
1950,Wisconsin,West Bend,"A&P Products Corporation
Pick Manufacturing Company
West Bend Company
Pick Automotive Company
West Bend Aluminum",https://www.swmwlaw.com/asbestos-exposure/asbestos-exposure-by-state/asbestos-exposure-wisconsin/
1951,Wisconsin,West Superior,"Gregory Cook and Company
Lehigh Valley Coal Company
Superior Water Light and Powr. Company
Land and River Imprint Company
Northwestern Grass Furn Company
West Superior Iron and Steel Company",https://www.swmwlaw.com/asbestos-exposure/asbestos-exposure-by-state/asbestos-exposure-wisconsin/
1952,Wisconsin,Wood,Veterans Administration Hospital,https://www.swmwlaw.com/asbestos-exposure/asbestos-exposure-by-state/asbestos-exposure-wisconsin/
1953,Wyoming,Manville,Continental Oil Company,https://www.swmwlaw.com/asbestos-exposure/asbestos-exposure-by-state/asbestos-exposure-wyoming/
1954,Wyoming,Alfred,Utah Oil Refining Company,https://www.swmwlaw.com/asbestos-exposure/asbestos-exposure-by-state/asbestos-exposure-wyoming/
1955,Wyoming,Midwest,Continental Oil Company,https://www.swmwlaw.com/asbestos-exposure/asbestos-exposure-by-state/asbestos-exposure-wyoming/
1956,Wyoming,Mommoth Camp,Midwest Refining Company,https://www.swmwlaw.com/asbestos-exposure/asbestos-exposure-by-state/asbestos-exposure-wyoming/
1957,Wyoming,New Castle,Consumer Oil & Refining Company,https://www.swmwlaw.com/asbestos-exposure/asbestos-exposure-by-state/asbestos-exposure-wyoming/
1958,Wyoming,Newcastle,Wyoming Refining,https://www.swmwlaw.com/asbestos-exposure/asbestos-exposure-by-state/asbestos-exposure-wyoming/
1959,Wyoming,Oakley,Diamond Coal and Coke Company,https://www.swmwlaw.com/asbestos-exposure/asbestos-exposure-by-state/asbestos-exposure-wyoming/
1960,Wyoming,Opal,El Paso Natural Gas Company,https://www.swmwlaw.com/asbestos-exposure/asbestos-exposure-by-state/asbestos-exposure-wyoming/
1961,Wyoming,Osage,Black Hills Power and Light Company,https://www.swmwlaw.com/asbestos-exposure/asbestos-exposure-by-state/asbestos-exposure-wyoming/
1962,Wyoming,Acme,Montana-Dakota Utilities Company,https://www.swmwlaw.com/asbestos-exposure/asbestos-exposure-by-state/asbestos-exposure-wyoming/
1963,Wyoming,Alma,Wyoming Coal and Iron Company,https://www.swmwlaw.com/asbestos-exposure/asbestos-exposure-by-state/asbestos-exposure-wyoming/
1964,Wyoming,Bitter Creek,Colorado Oil & Gas,https://www.swmwlaw.com/asbestos-exposure/asbestos-exposure-by-state/asbestos-exposure-wyoming/
1965,Wyoming,Buffalo,Buffalo Northwest Electric Company,https://www.swmwlaw.com/asbestos-exposure/asbestos-exposure-by-state/asbestos-exposure-wyoming/
1966,Wyoming,Cambria,Cambria Fuel Company,https://www.swmwlaw.com/asbestos-exposure/asbestos-exposure-by-state/asbestos-exposure-wyoming/
1967,Wyoming,Capser,Standard Oil Company of Indiana,https://www.swmwlaw.com/asbestos-exposure/asbestos-exposure-by-state/asbestos-exposure-wyoming/
1968,Wyoming,Parco,"Producers and Refiners Corp
Sinclair Refining Company
Sinclair Oil",https://www.swmwlaw.com/asbestos-exposure/asbestos-exposure-by-state/asbestos-exposure-wyoming/
1969,Wyoming,Powell,S & H Construction Company,https://www.swmwlaw.com/asbestos-exposure/asbestos-exposure-by-state/asbestos-exposure-wyoming/
1970,Wyoming,Rawlings,Union Pacific Railroad Company,https://www.swmwlaw.com/asbestos-exposure/asbestos-exposure-by-state/asbestos-exposure-wyoming/
1971,Wyoming,Rawlins,"Kaiser Engineers, Inc.",https://www.swmwlaw.com/asbestos-exposure/asbestos-exposure-by-state/asbestos-exposure-wyoming/
1972,Wyoming,Reliance,Union Pacific Coal Company,https://www.swmwlaw.com/asbestos-exposure/asbestos-exposure-by-state/asbestos-exposure-wyoming/
1973,Wyoming,Riverton,"Northern Utilites Company
Winklemen Dome Field
Pan American Petroleum Corporation",https://www.swmwlaw.com/asbestos-exposure/asbestos-exposure-by-state/asbestos-exposure-wyoming/
1974,Wyoming,Rock Spring,"Rock Spring
Bridger Power Plant
Fmc Corporation
Lion Coal Company
State Board of Charities and Reformatories
Wyoming State Hospital
Central Coal and Coke Company
Jim Bridger Power Plant
Lion Coal Company
Union Pacific Coal Company",https://www.swmwlaw.com/asbestos-exposure/asbestos-exposure-by-state/asbestos-exposure-wyoming/
1975,Wyoming,Cody,"Husky Refining Company
Texas Company",https://www.swmwlaw.com/asbestos-exposure/asbestos-exposure-by-state/asbestos-exposure-wyoming/
1976,Wyoming,Cumberland,Union Pacific Coal Company,https://www.swmwlaw.com/asbestos-exposure/asbestos-exposure-by-state/asbestos-exposure-wyoming/
1977,Wyoming,Diamondville,Diamond Coal and Coke Company,https://www.swmwlaw.com/asbestos-exposure/asbestos-exposure-by-state/asbestos-exposure-wyoming/
1978,Wyoming,Encampment,Penn Wyoming Copper Company,https://www.swmwlaw.com/asbestos-exposure/asbestos-exposure-by-state/asbestos-exposure-wyoming/
1979,Wyoming,Evanston,"Becker Brewing & Malting Company
Union Pacific Railroad Company
Chevron, United States of America, Inc.
Wyoming State Hospital",https://www.swmwlaw.com/asbestos-exposure/asbestos-exposure-by-state/asbestos-exposure-wyoming/
1980,Wyoming,Evansville,"Little America Refining
Texaco Oil Refinery Wyoming",https://www.swmwlaw.com/asbestos-exposure/asbestos-exposure-by-state/asbestos-exposure-wyoming/
1981,Wyoming,Fort Laramie,Stanolind Pipe Line Company,https://www.swmwlaw.com/asbestos-exposure/asbestos-exposure-by-state/asbestos-exposure-wyoming/
1982,Wyoming,Sage,Stauffer Chemical Plant Wyoming,https://www.swmwlaw.com/asbestos-exposure/asbestos-exposure-by-state/asbestos-exposure-wyoming/
1983,Wyoming,Salt Creek,"Midwest Refining Company
Salt Creek Central Power Station",https://www.swmwlaw.com/asbestos-exposure/asbestos-exposure-by-state/asbestos-exposure-wyoming/
1984,Wyoming,Sheriden,"Acme Plant
Montana Dakota Utilities Company
Perkins Power Company
Sheridan Sugar Company
W. Denio Milling Company
Perkins Power Company
Sheridan County Electric Company",https://www.swmwlaw.com/asbestos-exposure/asbestos-exposure-by-state/asbestos-exposure-wyoming/
1985,Wyoming,Frontier,Frontier Supply Company,https://www.swmwlaw.com/asbestos-exposure/asbestos-exposure-by-state/asbestos-exposure-wyoming/
1986,Wyoming,Gebo,"Gebo Coal Company
Owl Creek Coal Company",https://www.swmwlaw.com/asbestos-exposure/asbestos-exposure-by-state/asbestos-exposure-wyoming/
1987,Wyoming,Genrock,Pacific Power & Light Company,https://www.swmwlaw.com/asbestos-exposure/asbestos-exposure-by-state/asbestos-exposure-wyoming/
1988,Wyoming,Glen Rock,"Black Hills Generation
Pacificorp
Black Hills Power Inc
Wyodak Coal and Manufacturing Company
Black Hills Generation
Glen Rock Powerhouse
Pacific Power and Light Company
Dave Johnson Power Plant
Mutual Oil Company
Powerhouse
Pacific Power & Light Company
Dave Johnston Power Plant
Pacificorp
Pacific Power & Light
Steam Power Plant
Stanolind Pipe Line Company",https://www.swmwlaw.com/asbestos-exposure/asbestos-exposure-by-state/asbestos-exposure-wyoming/
1989,Wyoming,Shute Creek,"Exxon
Sinclair Oil Company
Sinclair Refining Company",https://www.swmwlaw.com/asbestos-exposure/asbestos-exposure-by-state/asbestos-exposure-wyoming/
1990,Wyoming,South Torrington,Holly Sugar Corporation,https://www.swmwlaw.com/asbestos-exposure/asbestos-exposure-by-state/asbestos-exposure-wyoming/
1991,Wyoming,Stauffer,"Stauffer Chemical Company
Winston Brothers Company",https://www.swmwlaw.com/asbestos-exposure/asbestos-exposure-by-state/asbestos-exposure-wyoming/
1992,Wyoming,Sweetwater,Tenneco Oil Company,https://www.swmwlaw.com/asbestos-exposure/asbestos-exposure-by-state/asbestos-exposure-wyoming/
1993,Wyoming,Teapot,Midwest Refining Company,https://www.swmwlaw.com/asbestos-exposure/asbestos-exposure-by-state/asbestos-exposure-wyoming/
1994,Wyoming,Thermopolis,"Empire State Oil Company
Hot Springs Light and Power Company",https://www.swmwlaw.com/asbestos-exposure/asbestos-exposure-by-state/asbestos-exposure-wyoming/
1995,Wyoming,Granger ,Stanolind Pipe Line Company,https://www.swmwlaw.com/asbestos-exposure/asbestos-exposure-by-state/asbestos-exposure-wyoming/
1996,Wyoming,Granger Station,Utah Oil Refining Company,https://www.swmwlaw.com/asbestos-exposure/asbestos-exposure-by-state/asbestos-exposure-wyoming/
1997,Wyoming,Greybull,Midwest Refining Company,https://www.swmwlaw.com/asbestos-exposure/asbestos-exposure-by-state/asbestos-exposure-wyoming/
1998,Wyoming,Hanna,Union Pacific Coal Company,https://www.swmwlaw.com/asbestos-exposure/asbestos-exposure-by-state/asbestos-exposure-wyoming/
1999,Wyoming,Inez,Teapot Coal Company,https://www.swmwlaw.com/asbestos-exposure/asbestos-exposure-by-state/asbestos-exposure-wyoming/
2000,Wyoming,Wallace,Boise Cascade Kraft Corporation,https://www.swmwlaw.com/asbestos-exposure/asbestos-exposure-by-state/asbestos-exposure-wyoming/
2001,Wyoming,Wamsutter,"Stanolind Pipe Line Company
Utah Oil Refining Company",https://www.swmwlaw.com/asbestos-exposure/asbestos-exposure-by-state/asbestos-exposure-wyoming/
2002,Wyoming,Warren AFB,"E. Warren Afb
Flight Deck & Maint Building",https://www.swmwlaw.com/asbestos-exposure/asbestos-exposure-by-state/asbestos-exposure-wyoming/
2003,Wyoming,Westvaco,"Food Machinery and Chemical Corporation
Ford Machinery and Chemical Company
Intermoutain Chemical
West Virginia Power Company
For Food Machinery Corp
Inorganic Chemicals Div
West Vaco Chemical Division",https://www.swmwlaw.com/asbestos-exposure/asbestos-exposure-by-state/asbestos-exposure-wyoming/
2004,Wyoming,Wheatland,"Basin Electric Power Coop
Laramie River Power Plant
Great Western Sugar Company",https://www.swmwlaw.com/asbestos-exposure/asbestos-exposure-by-state/asbestos-exposure-wyoming/
2005,Wyoming,Kemmerer,"Food Machinery and Chemical Corporation
Naughton Station
Kemmerer Coal Company
Pacificorp
Utah Power & Light Company",https://www.swmwlaw.com/asbestos-exposure/asbestos-exposure-by-state/asbestos-exposure-wyoming/
2006,Wyoming,Kirby,"Gebo Coal Company
Shipping Station",https://www.swmwlaw.com/asbestos-exposure/asbestos-exposure-by-state/asbestos-exposure-wyoming/
2007,Wyoming,Lamine,Colo Tires and Iron Company,https://www.swmwlaw.com/asbestos-exposure/asbestos-exposure-by-state/asbestos-exposure-wyoming/
2008,Wyoming,Lander,Lander Electric Light and Power Company,https://www.swmwlaw.com/asbestos-exposure/asbestos-exposure-by-state/asbestos-exposure-wyoming/
2009,Wyoming,Laramie,"Alumina Plant
Church of Jesus Christ of Latter Day Saints
Monolith Portland Midwest Company
Union Pacific System
University of Wyoming
California Pipeline Company
Forest Products Treating Company
Union Pacific Railroad Company
United States Bureau of Mines
Great Western Sugar Company",https://www.swmwlaw.com/asbestos-exposure/asbestos-exposure-by-state/asbestos-exposure-wyoming/
2010,Wyoming,Whitney Canyon,Amoco Production Company,https://www.swmwlaw.com/asbestos-exposure/asbestos-exposure-by-state/asbestos-exposure-wyoming/
2011,Wyoming,Winton,Union Pacific Coal Company,https://www.swmwlaw.com/asbestos-exposure/asbestos-exposure-by-state/asbestos-exposure-wyoming/
2012,Wyoming,Worland,"Hollly Sugar Corp
Texas Gulf Sulphur Company
Homestead Mining Company
Homestead Mining Company",https://www.swmwlaw.com/asbestos-exposure/asbestos-exposure-by-state/asbestos-exposure-wyoming/
2013,Wyoming,Leefe,San Francisco Chemical Company,https://www.swmwlaw.com/asbestos-exposure/asbestos-exposure-by-state/asbestos-exposure-wyoming/
2014,Wyoming,Lincoln County,"Plant Unit Number 2
Utah Power and Light Company
Colo Fuel and Iron Company",https://www.swmwlaw.com/asbestos-exposure/asbestos-exposure-by-state/asbestos-exposure-wyoming/
2015,Wyoming,Lovell,Great Western Sugar Company,https://www.swmwlaw.com/asbestos-exposure/asbestos-exposure-by-state/asbestos-exposure-wyoming/
2016,Wyoming,Manderson,Jefferson Lake Sulphur Company,https://www.swmwlaw.com/asbestos-exposure/asbestos-exposure-by-state/asbestos-exposure-wyoming/
